Giorno,Indice
20180101,0.405189967
20180102,-0.549586451
20180103,-0.402654034
20180104,0.038645271
20180105,1.513365946
20180106,0.352029988
20180107,-0.38112208
20180108,-1.214851999
20180109,-0.461614224
20180110,2.760566916
20180111,2.11779985
20180112,1.100938805
20180113,0.633941114
20180114,-0.000190923
20180115,0.418196904
20180116,1.104371129
20180117,0.345186602
20180118,-0.143485009
20180119,-0.464772801
20180120,0.326369183
20180121,-0.376394041
20180122,0.155531403
20180123,0.770678879
20180124,1.336233511
20180125,-1.213401577
20180126,-0.606327994
20180127,-0.794897
20180128,0.01984127
20180129,0.318559649
20180130,0.213903272
20180131,1.042626267
20180201,0.434991525
20180202,-0.737662389
20180203,0.595610314
20180204,-0.344792944
20180205,-0.552253713
20180206,-0.146126032
20180207,-1.451360515
20180208,-0.871013766
20180209,1.297617782
20180210,0.828348328
20180211,0.590971179
20180212,1.378772108
20180213,0.387822583
20180214,1.082716961
20180215,2.016605674
20180216,2.125510801
20180217,0.012887237
20180218,1.183469774
20180219,1.055358208
20180220,0.250233089
20180221,-0.187993518
20180222,0.480032864
20180223,0.989371373
20180224,1.309517595
20180225,-0.785490344
20180226,-0.093945419
20180227,-0.087751361
20180228,-0.790125095
20180301,1.068308359
20180302,0.061664719
20180303,0.133530548
20180304,1.137853278
20180305,1.943345569
20180306,2.813089378
20180307,1.801888191
20180308,2.881374322
20180309,1.335950518
20180310,1.240808436
20180311,0.920855083
20180312,1.71710489
20180313,0.913514362
20180314,1.483625427
20180315,-0.363098217
20180316,2.4413078
20180317,1.821291072
20180318,-0.714843146
20180319,-1.373763035
20180320,0.427152503
20180321,-0.964271522
20180322,0.29317087
20180323,1.337971766
20180324,0.724640436
20180325,-1.654458693
20180326,0.025718254
20180327,0.014651284
20180328,0.766807006
20180329,1.005476415
20180330,1.714180296
20180331,2.829591783
20180401,0.735040737
20180402,-0.757038443
20180403,1.338907001
20180404,0.194609947
20180405,0.292382132
20180406,-0.276820719
20180407,-0.289645881
20180408,-0.155347047
20180409,2.382308324
20180410,2.034653814
20180411,1.179413547
20180412,1.14721938
20180413,0.437876637
20180414,-0.688854104
20180415,0.534687922
20180416,0.379552871
20180417,1.422721686
20180418,1.843214434
20180419,0.466736613
20180420,0.352952666
20180421,-1.557506001
20180422,-0.156423871
20180423,1.403703774
20180424,2.501788291
20180425,0.069710787
20180426,2.490210937
20180427,2.626880529
20180428,0.58635158
20180429,0.418459506
20180430,0.267060286
20180501,0.113500065
20180502,-0.265293924
20180503,0.197190531
20180504,1.569987039
20180505,0.769819745
20180506,1.108133364
20180507,0.39839059
20180508,0.287639778
20180509,0.093184847
20180510,1.02468995
20180511,0.224007104
20180512,1.305230131
20180513,0.918379114
20180514,0.601767512
20180515,-1.133492079
20180516,-2.896455508
20180517,-0.823807484
20180518,0.716299869
20180519,-1.371947607
20180520,-0.946489807
20180521,-0.498613298
20180522,0.626594689
20180523,1.093096807
20180524,-1.048805942
20180525,-0.352976265
20180526,-2.105899813
20180527,-1.590239073
20180528,-0.5065188
20180529,-1.593839067
20180530,-0.495079941
20180531,0.57189388
20180601,0.022885173
20180602,0.007286796
20180603,0.149566608
20180604,1.540826108
20180605,1.23004906
20180606,1.189529111
20180607,0.22407222
20180608,-0.146937011
20180609,1.194719788
20180610,3.024214309
20180611,0.884201453
20180612,0.134106809
20180613,0.526406768
20180614,1.457826917
20180615,1.94797851
20180616,0.267446889
20180617,-0.424169566
20180618,0.534098298
20180619,-0.725735434
20180620,-0.993457895
20180621,0.534996057
20180622,0.379436814
20180623,-0.258553185
20180624,-1.114448694
20180625,0.431546265
20180626,0.31438057
20180627,0.280642304
20180628,0.909052507
20180629,-0.204342707
20180630,0.583465545
20180701,1.01134556
20180702,2.683785887
20180703,-0.417353686
20180704,-0.383399172
20180705,-1.894395233
20180706,-1.281127785
20180707,-1.61713962
20180708,-0.901368755
20180709,-0.602620968
20180710,-1.141146598
20180711,-0.769187396
20180712,-1.310224103
20180713,1.412847908
20180714,2.188078101
20180715,2.089258182
20180716,1.131974876
20180717,0.544978373
20180718,1.836777026
20180719,0.520905885
20180720,-1.421701743
20180721,-1.139021211
20180722,-1.369003913
20180723,-0.630383773
20180724,-1.192593656
20180725,-1.258933257
20180726,-0.381848553
20180727,-0.477364445
20180728,-0.215449118
20180729,0.119058244
20180730,-0.376251991
20180731,-0.255874273
20180801,-0.074068029
20180802,0.170515443
20180803,-0.585535155
20180804,-0.352095519
20180805,0.188348099
20180806,-0.902545129
20180807,-0.252401783
20180808,0.610296496
20180809,-0.319421796
20180810,-2.106519106
20180811,-1.339973888
20180812,-0.261628007
20180813,-2.44247718
20180814,-4.532200324
20180815,-4.110624426
20180816,-2.809376475
20180817,-2.609695975
20180818,-1.53925496
20180819,-1.709069185
20180820,0.756213409
20180821,-0.916716546
20180822,-0.915186946
20180823,-1.974335152
20180824,-3.895541785
20180825,-3.287609806
20180826,-1.498183748
20180827,-1.920379139
20180828,-1.746928724
20180829,-0.391002581
20180830,0.28097602
20180831,-0.666790643
20180901,-0.671628052
20180902,-1.337181241
20180903,-1.082011592
20180904,-1.01166274
20180905,-2.183687612
20180906,0.582257348
20180907,-0.444064165
20180908,-1.797242028
20180909,-1.866865561
20180910,0.164181814
20180911,-0.05279301
20180912,-0.952323221
20180913,-1.018936698
20180914,-0.499630348
20180915,-0.772682134
20180916,0.455231608
20180917,-0.038361965
20180918,-1.418016192
20180919,-2.640483109
20180920,-0.503430571
20180921,0.662308187
20180922,-0.081212297
20180923,-1.22926467
20180924,0.064862747
20180925,0.157560865
20180926,2.484983303
20180927,-0.797122311
20180928,-3.047044829
20180929,-2.191358698
20180930,-1.799588611
20181001,-0.946159465
20181002,-0.075906249
20181003,-0.341624922
20181004,-1.216865491
20181005,0.584884129
20181006,-0.909661773
20181007,-0.395769962
20181008,-2.28750947
20181009,-1.638658542
20181010,-0.763947631
20181011,-0.063282412
20181012,0.340819139
20181013,-1.766153168
20181014,-0.838462463
20181015,-1.38378491
20181016,-2.77519391
20181017,-3.275635261
20181018,-2.687119683
20181019,-1.950488816
20181020,-1.541228543
20181021,-1.081544972
20181022,-0.199338111
20181023,-0.291332252
20181024,-2.349399352
20181025,-0.887256651
20181026,0.52214602
20181027,-0.844633214
20181028,-0.824202703
20181029,-1.941982653
20181030,-1.966525487
20181031,-1.180565508
20181101,-1.739972328
20181102,-1.828357902
20181103,-1.400272127
20181104,-1.67643234
20181105,-0.79517956
20181106,-0.779804128
20181107,0.297833384
20181108,-0.461258424
20181109,-1.917898829
20181110,-2.741077702
20181111,-0.700953462
20181112,-0.697859784
20181113,-1.789798834
20181114,-0.584114453
20181115,0.739613092
20181116,-0.265243096
20181117,-0.878129512
20181118,0.289296956
20181119,-1.256610454
20181120,-0.733528452
20181121,-1.0168519
20181122,-1.139391745
20181123,-0.022502333
20181124,-2.318380153
20181125,-1.538691353
20181126,-1.187736261
20181127,-0.057991715
20181128,0.711990792
20181129,1.370871266
20181130,0.966289606
20181201,0.104987467
20181202,0.329716218
20181203,-0.080251051
20181204,-0.836250904
20181205,-2.729430361
20181206,-2.54888708
20181207,-1.912319203
20181208,-1.381659629
20181209,0.382159224
20181210,0.130185341
20181211,0.675263159
20181212,0.502550796
20181213,0.117847008
20181214,0.816708192
20181215,0.70058635
20181216,-0.163310295
20181217,-1.533749601
20181218,-1.945884878
20181219,-1.552641202
20181220,-1.95143744
20181221,-2.306636448
20181222,-1.820576085
20181223,-1.644894403
20181224,-4.383097679
20181225,-0.76592034
20181226,-2.121123152
20181227,-4.190040614
20181228,-1.64417232
20181229,-3.006158047
20181230,-1.348965445
20181231,2.831185
20190101,2.205959103
20190102,0.648840632
20190103,-0.631965273
20190104,-1.564752928
20190105,-1.942609535
20190106,0.471264629
20190107,-1.471801279
20190108,-3.537287042
20190109,-2.114601894
20190110,-0.098113551
20190111,-0.472602442
20190112,-1.876805208
20190113,-1.23810637
20190114,-0.40031768
20190115,-2.019989644
20190116,-1.321303685
20190117,2.417201216
20190118,1.732828673
20190119,0.382716315
20190120,1.032097643
20190121,0.475898943
20190122,2.081460701
20190123,1.012137205
20190124,0.852826113
20190125,0.132188875
20190126,-0.815370114
20190127,-0.652577938
20190128,-1.572076524
20190129,-0.19463698
20190130,0.664090742
20190131,-1.813423941
20190201,-2.220517535
20190202,-1.106414219
20190203,0.915096861
20190204,0.764531468
20190205,1.106792473
20190206,0.036740217
20190207,0.829665959
20190208,-0.178308932
20190209,-0.840200633
20190210,-0.852391949
20190211,-0.562966655
20190212,0.291579662
20190213,-2.563962972
20190214,-1.297699055
20190215,-1.321333783
20190216,-0.347149808
20190217,0.165371758
20190218,-0.742978218
20190219,-0.815220286
20190220,-3.563943089
20190221,0.023374652
20190222,0.423462387
20190223,0.575186116
20190224,0.091807168
20190225,-0.028046283
20190226,1.206979946
20190227,0.226656636
20190228,-0.429213963
20190301,-0.915636036
20190302,-0.852449623
20190303,0.118402077
20190304,2.050885433
20190305,0.544418426
20190306,0.045688286
20190307,0.802601921
20190308,-2.048495865
20190309,-0.503798373
20190310,-0.809567841
20190311,0.265016354
20190312,0.511274965
20190313,0.570444137
20190314,1.009064463
20190315,-0.454141647
20190316,0.259775809
20190317,-0.427017601
20190318,-0.126723815
20190319,0.119265508
20190320,-0.237406118
20190321,1.168528425
20190322,0.415458401
20190323,0.238997671
20190324,0.312139039
20190325,-0.206708718
20190326,-0.452405426
20190327,0.445208771
20190328,0.148421018
20190329,-0.339537709
20190330,1.578924954
20190331,1.077419357
20190401,-0.034773545
20190402,-0.357547201
20190403,-1.222613344
20190404,-0.861237419
20190405,-0.692041682
20190406,-0.877154181
20190407,-0.06204524
20190408,-0.324150866
20190409,-0.53232966
20190410,-0.981777776
20190411,0.083968913
20190412,1.106501914
20190413,-1.158859445
20190414,-0.917106685
20190415,-0.223479977
20190416,-0.111467254
20190417,-0.423347218
20190418,0.177330882
20190419,2.119953797
20190420,0.698066351
20190421,0.232714974
20190422,-2.191608103
20190423,-1.053972684
20190424,-1.127891307
20190425,-0.404617113
20190426,-0.528400361
20190427,-0.368700912
20190428,0.186726686
20190429,2.534809904
20190430,1.832550822
20190501,1.125417173
20190502,0.450263578
20190503,-1.114407288
20190504,-1.091246348
20190505,0.25774719
20190506,0.772331503
20190507,-0.061218306
20190508,0.111683369
20190509,0.70417167
20190510,0.365015888
20190511,-0.192246638
20190512,-0.863410541
20190513,-1.600694831
20190514,-2.594681757
20190515,-2.21347668
20190516,-1.516673776
20190517,-0.543755333
20190518,-2.630287698
20190519,-0.879369286
20190520,0.726163486
20190521,1.367011357
20190522,1.016722929
20190523,-0.467762831
20190524,-0.379310327
20190525,0.239732893
20190526,0.334650848
20190527,0.314720098
20190528,0.087372763
20190529,-0.401255059
20190530,-1.222505289
20190531,-3.240602244
20190601,-1.96311414
20190602,-0.866890772
20190603,-0.278916386
20190604,-1.398223836
20190605,-1.036898119
20190606,-1.394229199
20190607,0.125639009
20190608,-2.713537428
20190609,-0.590469545
20190610,-0.558882731
20190611,-0.653326457
20190612,-0.736155087
20190613,-2.239264846
20190614,0.513752936
20190615,0.650994228
20190616,0.183536305
20190617,0.371014453
20190618,-0.693238086
20190619,0.600232834
20190620,-0.756832089
20190621,-1.444117339
20190622,-1.633725472
20190623,-0.843499321
20190624,-3.172202258
20190625,-0.565402136
20190626,-0.658531928
20190627,-1.541010863
20190628,-0.838957269
20190629,-0.906412607
20190630,-0.87404048
20190701,1.133029843
20190702,1.070173661
20190703,0.272471264
20190704,-0.162701869
20190705,0.229193465
20190706,-1.500509876
20190707,-0.160220059
20190708,-1.373141595
20190709,-0.577786336
20190710,0.798958203
20190711,2.6283401
20190712,2.389571504
20190713,0.117909972
20190714,0.703901579
20190715,-0.971429637
20190716,1.014839115
20190717,1.961251283
20190718,-0.33237621
20190719,-0.93738826
20190720,-2.059466036
20190721,-0.939458581
20190722,0.056523513
20190723,2.312444501
20190724,-0.309965311
20190725,-0.444434507
20190726,-1.396844597
20190727,-1.372881246
20190728,-0.187609802
20190729,-0.463724845
20190730,-0.442010187
20190731,1.175463415
20190801,-0.553860888
20190802,-2.216723907
20190803,-1.557995063
20190804,1.176885818
20190805,-1.675157637
20190806,-0.185415866
20190807,-1.943226398
20190808,-1.931953242
20190809,-2.326177881
20190810,-2.482322401
20190811,-1.99641471
20190812,-1.850842516
20190813,-0.453156623
20190814,0.147676607
20190815,0.260011131
20190816,-0.697605749
20190817,-2.146552209
20190818,0.146589536
20190819,0.225721973
20190820,-2.045394143
20190821,-1.521660811
20190822,-1.159930283
20190823,0.270790128
20190824,0.045062094
20190825,-0.36402775
20190826,-0.438409942
20190827,-0.19011869
20190828,1.400241885
20190829,0.970471975
20190830,-0.820308603
20190831,-0.016606496
20190901,-0.535040826
20190902,-1.321596342
20190903,0.147108225
20190904,1.114827793
20190905,2.326681743
20190906,0.550537399
20190907,-0.472013584
20190908,-1.128527084
20190909,2.135151048
20190910,2.78189177
20190911,2.059257581
20190912,1.138850888
20190913,0.288117247
20190914,0.440237517
20190915,-1.173604164
20190916,-2.061742954
20190917,-2.277305922
20190918,-1.968267002
20190919,-0.520912278
20190920,-0.378237948
20190921,-0.871032728
20190922,-1.439929161
20190923,-1.718546343
20190924,-0.037634523
20190925,-1.220117326
20190926,-0.861847204
20190927,-1.74574009
20190928,-3.055110204
20190929,-2.262975578
20190930,-1.531092458
20191001,-1.743535955
20191002,-0.874072054
20191003,-0.719100947
20191004,-0.335660049
20191005,-0.690231585
20191006,-0.721130788
20191007,-0.30507454
20191008,-0.881521391
20191009,0.135687807
20191010,-2.214585454
20191011,-1.009283716
20191012,-1.117369836
20191013,-0.534900889
20191014,-0.829785311
20191015,-3.35911157
20191016,-3.204354755
20191017,-2.233396259
20191018,-1.371468681
20191019,0.232053103
20191020,-1.532649245
20191021,-1.918141357
20191022,-1.33431009
20191023,-0.273983863
20191024,-1.608318074
20191025,-1.253463024
20191026,-1.314632517
20191027,-1.575868242
20191028,-0.921156388
20191029,0.056872129
20191030,-1.649451041
20191031,-2.45656303
20191101,-4.531482563
20191102,-3.174716315
20191103,-0.8103669
20191104,-3.391924897
20191105,-2.164358179
20191106,-0.787254778
20191107,-2.714868902
20191108,-2.713175293
20191109,-2.415305557
20191110,-2.196062319
20191111,-3.19884231
20191112,1.053639821
20191113,-1.642126442
20191114,-0.978045352
20191115,-0.309168413
20191116,-2.299460788
20191117,-3.323328181
20191118,-3.497343817
20191119,-2.169612495
20191120,-2.034866106
20191121,-3.928410258
20191122,-2.374376088
20191123,-3.265730392
20191124,-4.136189166
20191125,-3.358472874
20191126,-0.832824679
20191127,-1.924266022
20191128,-3.333224544
20191129,-1.160377532
20191130,-2.114505983
20191201,-2.338121886
20191202,-1.700628653
20191203,-2.378424086
20191204,-1.691435634
20191205,-2.425191215
20191206,-1.403018272
20191207,-2.287240797
20191208,-1.391651857
20191209,-1.473144462
20191210,0.008065605
20191211,-1.444388594
20191212,-1.888556311
20191213,-0.373917883
20191214,-2.646086973
20191215,-1.8142254
20191216,-2.665470301
20191217,-0.974138422
20191218,0.161404418
20191219,0.433871184
20191220,1.111271675
20191221,-1.09263064
20191222,-0.843192055
20191223,-1.211043531
20191224,0.490012754
20191225,1.607767795
20191226,0.110656976
20191227,-1.576907012
20191228,-0.483310802
20191229,1.307515446
20191230,1.226758725
20191231,0.710094049
20200101,1.431230909
20200102,-0.297781254
20200103,-0.281020674
20200104,-0.310392893
20200105,1.169017541
20200106,0.408220632
20200107,-1.028626474
20200108,-1.026721206
20200109,-0.321200369
20200110,-2.013818478
20200111,-1.52500887
20200112,-0.659765176
20200113,-0.862095089
20200114,-1.533592383
20200115,-0.390860415
20200116,0.115303914
20200117,-2.199358908
20200118,-0.337121755
20200119,-2.02106817
20200120,-1.883306137
20200121,0.518590726
20200122,-0.991986754
20200123,-0.057090033
20200124,-2.026356677
20200125,-1.876989006
20200126,-1.494400226
20200127,-0.438688095
20200128,-0.344929051
20200129,-0.648936692
20200130,-0.141208558
20200131,-0.192602589
20200201,-1.962576137
20200202,-1.288482633
20200203,-1.660367829
20200204,-1.632398309
20200205,-0.49627778
20200206,-2.103632288
20200207,-1.230440148
20200208,0.658006622
20200209,-0.491188993
20200210,-1.763326425
20200211,-2.138303303
20200212,-0.594991974
20200213,0.828864179
20200214,-0.663030921
20200215,-0.044097201
20200216,-0.294592493
20200217,-2.063970972
20200218,-1.763965541
20200219,-0.17281246
20200220,-1.644072903
20200221,-2.167584066
20200222,-5.12353188
20200223,-4.037675644
20200224,-6.3499298
20200225,-4.89709942
20200226,-4.83530034
20200227,-4.82672006
20200228,-4.682306688
20200229,-5.19461744
20200301,-4.262155844
20200302,-5.63445471
20200303,-3.961377167
20200304,-3.309883763
20200305,-4.779800052
20200306,-4.461685233
20200307,-6.06574121
20200308,-5.00796576
20200309,-6.9600065
20200310,-6.36278123
20200311,-7.26250046
20200312,-6.58699605
20200313,-6.50354491
20200314,-2.738756281
20200315,-5.10860629
20200316,-4.29404153
20200317,-5.39117944
20200318,-4.362402568
20200319,-7.54968383
20200320,-6.43628007
20200321,-5.8855284
20200322,-5.55588962
20200323,-6.04850913
20200324,-4.90110702
20200325,-4.649803994
20200326,-4.619491803
20200327,-4.90781526
20200328,-4.348488273
20200329,-3.95626391
20200330,-2.727862201
20200331,-2.808947371
20200401,-3.567520743
20200402,-4.001983119
20200403,-3.440106058
20200404,-2.732832548
20200405,-3.976928638
20200406,-3.014203501
20200407,-4.201921903
20200408,-3.380737299
20200409,-3.487519198
20200410,-4.483601389
20200411,-2.70925994
20200412,-1.697001193
20200413,1.237758824
20200414,-1.989442879
20200415,-4.021548256
20200416,-3.273040806
20200417,-3.398361523
20200418,-2.338959631
20200419,-1.455854617
20200420,-1.701113862
20200421,-1.524711921
20200422,-1.731104116
20200423,-2.409833973
20200424,-3.178386096
20200425,-2.733483214
20200426,-4.343463194
20200427,-3.947403914
20200428,-2.504383035
20200429,-2.842726796
20200430,-2.883208876
20200501,-2.327933682
20200502,-3.387507868
20200503,-4.010335771
20200504,-2.986315346
20200505,-1.994891517
20200506,-2.314126932
20200507,-3.024446053
20200508,-2.060457525
20200509,-1.747066974
20200510,-2.731970554
20200511,-3.208503574
20200512,-1.401583428
20200513,-3.125767356
20200514,-3.084800924
20200515,-3.150518241
20200516,-2.457524158
20200517,-1.964164968
20200518,-3.477023807
20200519,-3.815564965
20200520,-0.120412526
20200521,-1.148630556
20200522,-1.480706955
20200523,-2.902051608
20200524,-2.343997074
20200525,-2.169622903
20200526,-2.546310807
20200527,-1.858802011
20200528,-2.375196851
20200529,-3.012228604
20200530,-3.148757177
20200531,-1.584872955
20200601,-1.880895788
20200602,-2.093821652
20200603,-1.490203915
20200604,-2.333149081
20200605,-2.310309114
20200606,-1.241415331
20200607,-3.454241276
20200608,-1.8228431
20200609,-1.682008934
20200610,-0.833755237
20200611,-0.205385311
20200612,0.133845571
20200613,-1.095043388
20200614,-0.714649593
20200615,1.473883126
20200616,-0.609759192
20200617,-1.722748693
20200618,0.062255513
20200619,-0.276870526
20200620,-0.62632133
20200621,-1.295612019
20200622,-2.511974427
20200623,-0.14901888
20200624,-1.693044562
20200625,-0.951817552
20200626,-1.64858091
20200627,-1.426796227
20200628,-1.161504265
20200629,-1.378028708
20200630,-1.546151242
20200701,-1.081824573
20200702,-2.291595146
20200703,-2.806559439
20200704,-2.128732057
20200705,-1.814039492
20200706,-1.192157072
20200707,-1.840913472
20200708,-0.329027787
20200709,-0.068427413
20200710,-1.561265987
20200711,-1.037503977
20200712,-4.77233909
20200713,-0.569216709
20200714,-1.212320476
20200715,-2.491946759
20200716,-1.893741558
20200717,-2.124558271
20200718,-3.511839728
20200719,-3.664583439
20200720,-2.397981455
20200721,-1.437117951
20200722,-2.224515565
20200723,-1.8967962
20200724,-1.172069048
20200725,-1.501616862
20200726,-1.217362431
20200727,-1.503354166
20200728,-1.419847315
20200729,-2.876745305
20200730,-1.496447773
20200731,-0.5185782
20200801,-1.25524874
20200802,0.309648564
20200803,-0.823807825
20200804,0.737545874
20200805,-0.365514951
20200806,-2.799573378
20200807,-1.942299777
20200808,-1.817237816
20200809,-1.958402929
20200810,-0.432204653
20200811,-0.821633062
20200812,-1.187897259
20200813,-0.413081514
20200814,-1.540460449
20200815,-1.410637129
20200816,-2.704162238
20200817,-1.575994216
20200818,0.026011005
20200819,-0.675903922
20200820,-2.732110099
20200821,-2.253916746
20200822,-1.681215134
20200823,-1.186283407
20200824,-2.201479239
20200825,-4.312825435
20200826,-1.970934742
20200827,-0.964315209
20200828,-1.308446752
20200829,0.637541185
20200830,-0.533819481
20200831,-1.649388844
20200901,-1.038693726
20200902,-1.48540063
20200903,-0.66605512
20200904,-2.136580447
20200905,-0.051807552
20200906,-2.098560739
20200907,-1.538513401
20200908,-1.146710467
20200909,-0.751007656
20200910,-0.284732434
20200911,0.528893435
20200912,-1.201855766
20200913,-1.952984137
20200914,-0.893226073
20200915,-1.792135699
20200916,-1.342913889
20200917,-0.113272884
20200918,-0.892162129
20200919,-0.072986786
20200920,-0.030866728
20200921,0.516320198
20200922,-0.495235943
20200923,-0.140079585
20200924,0.11579279
20200925,-1.1010395
20200926,-1.639714038
20200927,0.093406121
20200928,-0.210563716
20200929,-0.729638267
20200930,0.112752824
20201001,-0.370079081
20201002,-1.020695218
20201003,-1.352612039
20201004,-2.293899003
20201005,-1.61935922
20201006,1.015229288
20201007,-1.128613884
20201008,-2.945611636
20201009,-1.225203352
20201010,-3.744938588
20201011,-2.19920885
20201012,-1.07903156
20201013,-2.209335193
20201014,-1.924621426
20201015,-1.751507647
20201016,-3.857683421
20201017,-4.442808319
20201018,-2.901558433
20201019,-3.610223629
20201020,-3.453829069
20201021,-3.302554354
20201022,-3.697472355
20201023,-3.854283295
20201024,-5.94738039
20201025,-4.163390609
20201026,-3.511714303
20201027,-3.550962658
20201028,-3.106167121
20201029,-1.580453029
20201030,-1.403654019
20201031,-2.595130581
20201101,-4.472464365
20201102,-3.429935438
20201103,-3.040009582
20201104,-4.499257802
20201105,-2.786462492
20201106,-1.977753192
20201107,-2.56999229
20201108,-1.941326094
20201109,-1.79835564
20201110,-1.386871797
20201111,-1.895895528
20201112,-2.144642523
20201113,-2.605435787
20201114,-2.5315929
20201115,-1.590284378
20201116,-1.771571589
20201117,-0.373840006
20201118,-1.15137613
20201119,-1.400588044
20201120,-1.495135189
20201121,-2.255212915
20201122,-3.117366342
20201123,-3.856097676
20201124,-3.546505561
20201125,-2.463029403
20201126,-0.844069106
20201127,-1.195753389
20201128,-3.11329425
20201129,-2.87169509
20201130,-3.564046231
20201201,-2.86834371
20201202,-2.242866627
20201203,-2.080630594
20201204,-2.258719935
20201205,-2.59749382
20201206,-1.392047288
20201207,-2.143977371
20201208,-2.821878306
20201209,-2.033929014
20201210,-1.092148205
20201211,-0.870742782
20201212,-0.90788415
20201213,-2.358939693
20201214,-2.941365606
20201215,-1.547684249
20201216,-2.8657531
20201217,-2.631165984
20201218,-2.209813318
20201219,-2.59265703
20201220,-0.425187281
20201221,-1.024071635
20201222,0.110670596
20201223,-0.757106702
20201224,0.369719437
20201225,-0.684760342
20201226,-1.925043739
20201227,-1.939823076
20201228,-2.456538765
20201229,-1.584450792
20201230,-1.536591565
20201231,-0.520706812
20210101,-0.654359219
20210102,-3.025713945
20210103,-2.94370149
20210104,-1.691344733
20210105,-3.013510997
20210106,-2.771801273
20210107,-1.777136934
20210108,-2.189923402
20210109,-2.042396873
20210110,-2.387351274
20210111,-4.174827114
20210112,-1.561222331
20210113,-2.700793337
20210114,-2.261095861
20210115,-0.702215243
20210116,-1.423327
20210117,-2.637166287
20210118,-0.98838796
20210119,-0.908694526
20210120,-0.496127416
20210121,-0.59544231
20210122,-2.689988897
20210123,-3.514520093
20210124,-1.880966579
20210125,-1.329476233
20210126,-1.069932674
20210127,-2.042497302
20210128,0.464915968
20210129,0.430342827
20210130,-0.261468305
20210131,-0.265927669
20210201,-1.579833742
20210202,0.887552216
20210203,0.799697532
20210204,0.098725303
20210205,0.079788084
20210206,0.077530539
20210207,-0.12390981
20210208,0.143826928
20210209,-0.597640761
20210210,-0.211873654
20210211,-1.059595914
20210212,1.012261291
20210213,0.047360844
20210214,-1.389316253
20210215,-0.728684038
20210216,-0.472404742
20210217,1.905491988
20210218,-0.182545022
20210219,-0.552466644
20210220,-1.876185607
20210221,-0.900007136
20210222,-1.432568968
20210223,-1.446371178
20210224,-0.073686013
20210225,-0.225441847
20210226,-1.375459586
20210227,-1.462446353
20210228,-1.059479607
20210301,-1.508492567
20210302,-2.458677935
20210303,-2.909636261
20210304,-1.873464731
20210305,-3.340131927
20210306,0.636033444
20210307,0.032880269
20210308,0.712564855
20210309,3.227132581
20210310,-1.38935032
20210311,-0.5780854
20210312,-1.254373211
20210313,-3.388263831
20210314,-2.660232042
20210315,-2.721454017
20210316,-2.09095674
20210317,-3.333960492
20210318,-4.464216127
20210319,-3.014352452
20210320,-4.504278439
20210321,-4.585863588
20210322,-3.26172858
20210323,-3.730216459
20210324,-2.363719953
20210325,-1.808981636
20210326,-1.742614161
20210327,-3.175672855
20210328,-1.844737723
20210329,-2.117917527
20210330,-2.634251579
20210331,-2.306480418
20210401,-2.741247168
20210402,-2.934807024
20210403,-3.056300752
20210404,-4.480312011
20210405,-2.828989969
20210406,-2.840310849
20210407,-3.072980904
20210408,-0.967815037
20210409,-3.095573954
20210410,-2.206146739
20210411,-2.311311002
20210412,-2.362646803
20210413,-1.678062459
20210414,-1.809963162
20210415,-0.584249148
20210416,-1.416588992
20210417,-0.666386432
20210418,-1.85700044
20210419,-2.384608935
20210420,-2.117035381
20210421,-3.213126086
20210422,-1.724506676
20210423,-1.340214979
20210424,-1.808036253
20210425,-0.314173071
20210426,-1.402087415
20210427,-0.665307245
20210428,-1.18581091
20210429,-0.609460499
20210430,-1.541607623
20210501,-0.750348166
20210502,3.323342568
20210503,-1.186514317
20210504,-1.539983364
20210505,-1.318925679
20210506,-0.679417736
20210507,0.193703512
20210508,-1.033449748
20210509,-1.314386598
20210510,-1.046336998
20210511,0.176645912
20210512,1.023368358
20210513,-0.107931473
20210514,-1.250957756
20210515,-1.573009162
20210516,-0.357046868
20210517,0.098623593
20210518,-1.020615823
20210519,-0.482408022
20210520,-1.467855334
20210521,-0.93007686
20210522,-0.96543897
20210523,-2.489713837
20210524,-0.541571488
20210525,0.655646638
20210526,-0.627342926
20210527,-0.501961622
20210528,-0.645720606
20210529,-1.655152592
20210530,-2.594601348
20210531,-0.684231792
20210601,-1.091336382
20210602,-1.382231477
20210603,-1.905854761
20210604,-1.477224176
20210605,-1.808609959
20210606,-1.667355729
20210607,-0.602110592
20210608,-1.349598035
20210609,-0.03716089
20210610,-0.340942591
20210611,0.319644639
20210612,-1.713114666
20210613,-0.226906541
20210614,0.268925676
20210615,-0.606275375
20210616,-0.793262123
20210617,0.7511819
20210618,-1.174176613
20210619,-0.765309402
20210620,-0.923918567
20210621,0.090082323
20210622,-2.160771036
20210623,0.430239054
20210624,0.029818789
20210625,-0.913197234
20210626,-0.354532396
20210627,-1.640511387
20210628,-1.763540228
20210629,-2.47283303
20210630,-2.017266187
20210701,-1.288101347
20210702,0.377903616
20210703,-2.308145883
20210704,-1.117547306
20210705,-0.034398343
20210706,-0.746974904
20210707,-0.236744893
20210708,0.745051086
20210709,-1.001186097
20210710,-0.29731824
20210711,0.667812234
20210712,-2.15340362
20210713,0.183439914
20210714,-0.536657198
20210715,-1.274473116
20210716,-2.304275851
20210717,-1.942373224
20210718,-3.131933804
20210719,-1.652845671
20210720,-1.990274467
20210721,-3.37606736
20210722,-1.433809314
20210723,-1.055950959
20210724,-0.872949569
20210725,-1.166364352
20210726,-1.551242306
20210727,-2.400498175
20210728,-1.550425013
20210729,-2.917051696
20210730,-1.466716466
20210731,-0.902557731
20210801,-0.185495931
20210802,0.968797006
20210803,-1.70657053
20210804,0.815711584
20210805,-0.318687629
20210806,1.942572416
20210807,1.180171837
20210808,-2.149327889
20210809,-0.937070007
20210810,-0.211741045
20210811,-1.747211996
20210812,-0.449558344
20210813,-1.760274642
20210814,-3.853999349
20210815,-0.833233612
20210816,-3.936413877
20210817,-1.765275744
20210818,-1.149482976
20210819,-0.063363808
20210820,-0.819167274
20210821,-1.253014998
20210822,0.591125768
20210823,-1.524386254
20210824,-2.061304569
20210825,-1.168665443
20210826,0.027351889
20210827,0.003621876
20210828,-1.969383093
20210829,-1.621897628
20210830,-0.72917719
20210831,-1.253378416
20210901,-2.611147725
20210902,-1.293010335
20210903,-1.664987396
20210904,-1.237932188
20210905,-1.964678099
20210906,-0.102428234
20210907,-1.454490031
20210908,-2.560812151
20210909,-1.687566008
20210910,-2.495964871
20210911,-0.770131318
20210912,-0.519021899
20210913,-0.622794913
20210914,-1.333119395
20210915,-1.533759969
20210916,-2.163406308
20210917,-1.237414336
20210918,-1.070334875
20210919,-1.033756262
20210920,-2.024353791
20210921,-3.134896909
20210922,-1.951771787
20210923,-2.275973103
20210924,-2.344267311
20210925,-1.426181177
20210926,0.043058077
20210927,2.78494072
20210928,-0.512406226
20210929,-1.168908724
20210930,-0.20191327
20211001,-0.577250156
20211002,-2.307022503
20211003,-3.317025742
20211004,-0.566180732
20211005,-0.931553851
20211006,-2.901449645
20211007,-1.614208522
20211008,-2.027445446
20211009,-3.351211411
20211010,-3.328872699
20211011,-2.290507198
20211012,-2.345370384
20211013,-4.387316982
20211014,-3.2851715
20211015,-3.671714281
20211016,-1.850966442
20211017,-2.092829659
20211018,-3.945203446
20211019,-2.152329297
20211020,-0.25106128
20211021,1.989757218
20211022,-0.757833136
20211023,-0.830040234
20211024,-1.530262197
20211025,-1.88504843
20211026,-1.335133691
20211027,-2.725458773
20211028,-3.3363977
20211029,-1.140927176
20211030,-0.79771016
20211031,-0.360101755
20211101,-2.274908286
20211102,-1.997771053
20211103,-1.622117128
20211104,-1.458737866
20211105,-1.102167625
20211106,-2.411654435
20211107,-1.651148703
20211108,-1.787050441
20211109,-2.164153249
20211110,-2.477486074
20211111,-1.323249139
20211112,-0.778943151
20211113,-0.769363934
20211114,-2.112739173
20211115,-1.726271779
20211116,-1.711286862
20211117,-1.392423684
20211118,-0.564982549
20211119,-1.15789841
20211120,-3.22947164
20211121,-0.402876213
20211122,-1.493003175
20211123,-0.473711173
20211124,-2.51100848
20211125,-2.821718777
20211126,-2.021986455
20211127,-2.060759926
20211128,-2.114640432
20211129,-2.512594758
20211130,-0.436136985
20211201,-0.734622327
20211202,-2.127441784
20211203,-1.046250725
20211204,-0.139167711
20211205,-1.444318077
20211206,0.804877425
20211207,-2.048566509
20211208,-3.599086898
20211209,-2.689755024
20211210,-2.026096082
20211211,-3.462502956
20211212,-3.542661673
20211213,-1.525578242
20211214,-2.013887543
20211215,-3.458428795
20211216,-2.634791511
20211217,-2.876559875
20211218,-2.628091485
20211219,-4.129559886
20211220,-2.387010516
20211221,-0.193127837
20211222,0.363659355
20211223,-0.460210305
20211224,-0.63156484
20211225,-1.760908077
20211226,-2.806149452
20211227,-2.428386455
20211228,-4.328018656
20211229,-2.731364212
20211230,-2.760600227
20211231,-2.296529617
20220101,-2.632676516
20220102,-2.448579566
20220103,-2.054875011
20220104,-3.210659093
20220105,-4.142401045
20220106,-4.136264335
20220107,-3.903192873
20220108,-2.734463694
20220109,-2.986951354
20220110,-1.744442336
20220111,-3.835028621
20220112,-2.985916907
20220113,-0.56460356
20220114,-3.190204167
20220115,-2.48196652
20220116,-2.804944974
20220117,-2.237932195
20220118,-1.572005627
20220119,-3.065483932
20220120,-2.478987428
20220121,-1.425591197
20220122,-2.038142899
20220123,-4.960818317
20220124,-3.429887821
20220125,-1.228703701
20220126,-0.334407628
20220127,-0.618921967
20220128,-1.899670654
20220129,-0.105435179
20220130,-1.569604489
20220131,-1.345453407
20220201,-2.527451926
20220202,-1.442779764
20220203,-0.867394386
20220204,-1.893961824
20220205,-2.607573141
20220206,-0.788129028
20220207,-1.445610962
20220208,-2.941189924
20220209,-2.122877955
20220210,-1.243820603
20220211,-1.531294844
20220212,-2.471312926
20220213,-2.261711759
20220214,-3.886304126
20220215,-4.860764422
20220216,-3.573430061
20220217,-3.084697011
20220218,-2.839009791
20220219,-1.864684782
20220220,-2.097956093
20220221,0.319412033
20220222,-1.431621427
20220223,-1.539005091
20220224,-2.956742281
20220225,-3.527487921
20220226,-5.887337234
20220227,-4.161859039
20220228,-2.807618069
20220301,-3.039756646
20220302,-2.291851651
20220303,-2.424783969
20220304,-3.139692002
20220305,-2.12503119
20220306,-3.298531705
20220307,-4.239155317
20220308,-2.484699847
20220309,-4.199647336
20220310,-4.173172842
20220311,-3.684553814
20220312,-5.075565296
20220313,-3.726636645
20220314,-3.330746889
20220315,-4.340916428
20220316,-3.207503598
20220317,-1.97781797
20220318,-2.065679145
20220319,-2.019056957
20220320,-4.153405293
20220321,-2.399853163
20220322,-1.795207726
20220323,-0.84468089
20220324,-0.060393894
20220325,-2.962379118
20220326,-3.000931914
20220327,-0.350804527
20220328,-1.204298078
20220329,-0.63861503
20220330,-0.673005139
20220331,-1.352568819
20220401,-0.259900622
20220402,-1.781270781
20220403,-2.682869423
20220404,-1.860488253
20220405,-2.17659817
20220406,-2.132624342
20220407,-2.466059699
20220408,-3.454591463
20220409,-4.029583394
20220410,-3.269281464
20220411,-3.63664204
20220412,-3.213414403
20220413,-1.687095709
20220414,-0.902666647
20220415,-1.547412625
20220416,-1.199981784
20220417,-1.324057107
20220418,-2.292505745
20220419,-3.122081685
20220420,-2.350858193
20220421,-1.54489581
20220422,-0.970042372
20220423,-1.683145184
20220424,0.136971461
20220425,-1.492618126
20220426,-2.080150189
20220427,-2.604002661
20220428,-3.096007297
20220429,-1.371386239
20220430,-0.545642669
20220501,-1.919530088
20220502,-2.526724112
20220503,-0.950239259
20220504,0.643628416
20220505,-1.271554186
20220506,-1.875168593
20220507,-2.141531421
20220508,-1.449264425
20220509,-2.306259449
20220510,-0.93696932
20220511,-0.611209128
20220512,-1.046458375
20220513,-2.041191402
20220514,-1.63085261
20220515,-1.791993699
20220516,-1.28916257
20220517,-0.778890697
20220518,0.377029399
20220519,-0.852028993
20220520,-0.985398142
20220521,-0.942468484
20220522,-1.11648571
20220523,-1.552934184
20220524,-0.450312452
20220525,-1.339601029
20220526,-1.657706951
20220527,-0.544987295
20220528,-0.888020739
20220529,-1.170516495
20220530,-1.481073915
20220531,-0.747377348
20220601,-0.136678426
20220602,-1.564449709
20220603,-2.173667957
20220604,-1.54354042
20220605,0.659092384
20220606,-1.174009185
20220607,-0.404344596
20220608,-2.191243944
20220609,-2.62386487
20220610,-2.435532226
20220611,-1.961517837
20220612,-2.532704465
20220613,-1.896450883
20220614,-1.644167176
20220615,-2.151627293
20220616,-2.335223187
20220617,-2.664753888
20220618,-1.730888945
20220619,-2.231719215
20220620,-2.607223111
20220621,-1.547533259
20220622,-1.235431873
20220623,-0.766527991
20220624,-1.918037307
20220625,-1.598474205
20220626,-2.005946113
20220627,-3.089058395
20220628,-2.559239218
20220629,-1.903457082
20220630,-2.699424456
20220701,-2.757800637
20220702,-2.926465518
20220703,-2.938253794
20220704,-2.732682381
20220705,-0.769309474
20220706,-2.090080629
20220707,-2.836308814
20220708,-1.769386949
20220709,-2.419429871
20220710,-3.444152169
20220711,-1.322410612
20220712,-1.348140255
20220713,-2.771211168
20220714,-3.927869917
20220715,-2.890604035
20220716,-2.741797185
20220717,-0.931147368
20220718,-0.723958898
20220719,-0.367509413
20220720,-1.666836407
20220721,-2.397451512
20220722,-1.602760167
20220723,-1.948579705
20220724,-1.953030479
20220725,-1.187581994
20220726,-1.941351545
20220727,-1.46713524
20220728,-1.004722036
20220729,-1.039744378
20220730,-1.903832467
20220731,-0.752976594
20220801,-0.115130009
20220802,-0.401512624
20220803,-0.465268524
20220804,-0.693074915
20220805,-1.452606186
20220806,-0.396665636
20220807,-1.592532663
20220808,-0.736203103
20220809,-1.951401419
20220810,-1.170482263
20220811,-1.832530024
20220812,-1.568741593
20220813,-1.421063331
20220814,-1.684675375
20220815,-0.551638788
20220816,-1.872791276
20220817,-1.393835341
20220818,-1.477927262
20220819,-1.600381723
20220820,-0.427171756
20220821,-1.451729151
20220822,-2.546946184
20220823,-2.767201237
20220824,-3.190394069
20220825,-2.430441641
20220826,-3.816099359
20220827,-2.533017741
20220828,-2.093469409
20220829,-2.212415176
20220830,-1.326289354
20220831,-2.880331909
20220901,-1.825551214
20220902,-0.88502564
20220903,-1.106249106
20220904,-1.276005788
20220905,-1.756943222
20220906,-0.745745495
20220907,-2.062353676
20220908,-2.407774473
20220909,-1.730255661
20220910,-1.956310357
20220911,-0.58340989
20220912,-1.401735947
20220913,-0.536122092
20220914,-0.482773707
20220915,-1.416163723
20220916,-1.487204689
20220917,-1.706493093
20220918,-0.140277385
20220919,-2.096675204
20220920,-1.30121836
20220921,-0.636527252
20220922,-0.981004729
20220923,-0.425726479
20220924,-1.063378893
20220925,-1.451448291
20220926,0.243983786
20220927,1.320998687
20220928,-0.827587394
20220929,-2.131919523
20220930,-2.589129748
20221001,-1.172123646
20221002,-2.039955844
20221003,-2.632560679
20221004,-2.606874601
20221005,-1.778124192
20221006,-2.796292779
20221007,-1.908481447
20221008,-2.680213558
20221009,-2.880826126
20221010,-2.129481053
20221011,-1.624772199
20221012,-1.551456772
20221013,-2.372548414
20221014,-1.941083341
20221015,-1.910723521
20221016,-1.291350474
20221017,-2.56196466
20221018,-2.211732639
20221019,-2.010414557
20221020,-1.798727256
20221021,1.068985053
20221022,0.108009494
20221023,-1.88933212
20221024,-1.219307988
20221025,-1.064260925
20221026,-1.597199855
20221027,-2.257760022
20221028,-3.008579922
20221029,-3.510929263
20221030,-2.555967196
20221031,-2.343275226
20221101,-1.721101924
20221102,-2.071602487
20221103,-1.879065703
20221104,-2.011117481
20221105,0.500352375
20221106,-0.232295501
20221107,-1.57998581
20221108,-3.127086203
20221109,-2.542361699
20221110,-1.107230305
20221111,-1.462775201
20221112,-0.766094013
20221113,-1.450491492
20221114,-0.387872558
20221115,-0.365133777
20221116,0.336231201
20221117,-0.353730203
20221118,-0.790462249
20221119,-1.218566431
20221120,-2.269077629
20221121,-2.328155931
20221122,-2.129387504
20221123,-2.434375869
20221124,-1.390028787
20221125,-1.156425438
20221126,-1.830557434
20221127,-1.686745304
20221128,-2.037618112
20221129,-1.685697139
20221130,-1.476813467
20221201,-1.890047861
20221202,-1.598007858
20221203,-2.650375951
20221204,-1.428903903
20221205,-0.911686556
20221206,-1.806395178
20221207,-1.834200682
20221208,-1.717985439
20221209,-2.277047646
20221210,-2.446224718
20221211,-1.744161229
20221212,-0.340951232
20221213,-0.458387677
20221214,-0.160361155
20221215,-1.484121762
20221216,-1.338068676
20221217,-1.60073066
20221218,-1.925685224
20221219,-1.678389256
20221220,-1.012458386
20221221,-2.500669985
20221222,-1.663788034
20221223,-1.607869651
20221224,-1.70178706
20221225,-2.035064326
20221226,-1.140250607
20221227,-1.156635932
20221228,-1.541905281
20221229,-2.630423629
20221230,-1.858191201
20221231,-1.287128636
