date,sentiment_score,volume
2018-01-01,-0.0314,1468
2018-01-02,-0.0274,2189
2018-01-03,-0.0259,2834
2018-01-04,-0.0293,5214
2018-01-05,-0.0515,2825
2018-01-06,-0.0376,1979
2018-01-07,-0.037,3588
2018-01-08,-0.0466,2359
2018-01-09,-0.0247,2528
2018-01-10,-0.0272,2128
2018-01-11,-0.0487,2380
2018-01-12,-0.0645,4472
2018-01-13,-0.0501,2528
2018-01-14,-0.0293,3571
2018-01-15,-0.0611,6092
2018-01-16,-0.0414,4223
2018-01-17,-0.0347,2909
2018-01-18,-0.0367,3305
2018-01-19,-0.0352,2973
2018-01-20,-0.0227,5838
2018-01-21,-0.0227,4881
2018-01-22,-0.0304,3389
2018-01-23,-0.0543,4798
2018-01-24,-0.0436,3135
2018-01-25,-0.0369,3427
2018-01-26,-0.0358,2316
2018-01-27,-0.0633,3319
2018-01-28,0.0012,3047
2018-01-29,-0.0235,2123
2018-01-30,-0.0307,1941
2018-01-31,-0.0417,2594
2018-02-01,-0.0232,3414
2018-02-02,-0.0321,3031
2018-02-03,-0.0441,18921
2018-02-04,-0.0362,14226
2018-02-05,-0.043,11196
2018-02-06,-0.0426,9067
2018-02-07,-0.0416,5058
2018-02-08,-0.0308,5868
2018-02-09,-0.0504,7558
2018-02-10,-0.0258,7744
2018-02-11,-0.0332,6545
2018-02-12,-0.0373,5197
2018-02-13,-0.0362,7044
2018-02-14,-0.0208,4555
2018-02-15,-0.0275,4831
2018-02-16,-0.0345,4359
2018-02-17,-0.0395,4284
2018-02-18,-0.0282,3808
2018-02-19,-0.0427,3660
2018-02-20,-0.0299,2964
2018-02-21,-0.0517,4072
2018-02-22,-0.0595,4134
2018-02-23,-0.0476,3463
2018-02-24,-0.0618,2984
2018-02-25,-0.0381,4193
2018-02-26,-0.0036,4954
2018-02-27,-0.0208,4448
2018-02-28,-0.034,3726
2018-03-01,-0.0373,3732
2018-03-02,-0.0271,2807
2018-03-03,-0.029,4951
2018-03-04,-0.0299,3894
2018-03-05,-0.0383,6867
2018-03-06,-0.0433,5475
2018-03-07,-0.0408,2369
2018-03-08,-0.0552,2841
2018-03-09,-0.0327,2452
2018-03-10,-0.0418,2147
2018-03-11,-0.0394,3104
2018-03-12,-0.0417,4191
2018-03-13,-0.0425,3140
2018-03-14,-0.041,2945
2018-03-15,-0.0229,2940
2018-03-16,-0.0349,2191
2018-03-17,-0.0078,2778
2018-03-18,-0.0504,2908
2018-03-19,-0.0372,3488
2018-03-20,-0.0305,3965
2018-03-21,-0.0364,4436
2018-03-22,-0.0297,2667
2018-03-23,-0.0313,1851
2018-03-24,-0.0367,2212
2018-03-25,-0.0308,2104
2018-03-26,-0.0378,1971
2018-03-27,-0.0273,1909
2018-03-28,-0.0333,1405
2018-03-29,-0.0554,44
2018-03-30,-0.0259,1470
2018-03-31,-0.0341,3847
2018-04-01,-0.0353,2334
2018-04-02,-0.0321,3269
2018-04-03,-0.0307,2763
2018-04-04,-0.0407,2182
2018-04-05,-0.0457,2239
2018-04-06,-0.0489,1594
2018-04-07,-0.0417,2544
2018-04-08,-0.0386,2961
2018-04-09,-0.0195,2603
2018-04-10,-0.0295,902
2018-04-11,-0.0162,1068
2018-04-12,-0.026,764
2018-04-13,-0.0236,1965
2018-04-14,-0.0378,1343
2018-04-15,-0.0316,886
2018-04-16,-0.0329,1067
2018-04-17,-0.0108,2694
2018-04-18,-0.0156,1971
2018-04-19,-0.0297,1212
2018-04-20,-0.0462,2525
2018-04-21,-0.0534,3213
2018-04-22,-0.0387,1771
2018-04-23,-0.0445,1852
2018-04-24,-0.0376,2240
2018-04-25,-0.0484,1887
2018-04-26,-0.0365,2211
2018-04-27,-0.0334,2687
2018-04-28,-0.0256,2699
2018-04-29,-0.0267,3062
2018-04-30,-0.0359,1913
2018-05-01,-0.0397,1859
2018-05-02,-0.0366,1928
2018-05-03,-0.0316,2965
2018-05-04,-0.0376,3107
2018-05-05,-0.0301,4005
2018-05-06,-0.0458,4335
2018-05-07,-0.0364,2541
2018-05-08,-0.0364,2251
2018-05-09,-0.0316,1840
2018-05-10,-0.039,2148
2018-05-11,-0.0286,2257
2018-05-12,-0.0305,2285
2018-05-13,-0.0411,1441
2018-05-14,-0.042,288
2018-05-15,-0.0322,3364
2018-05-16,-0.019,3365
2018-05-17,-0.0245,2331
2018-05-18,-0.0659,2846
2018-05-19,-0.0512,3533
2018-05-20,-0.0527,3832
2018-05-21,-0.0387,2840
2018-05-22,-0.0356,1763
2018-05-23,-0.0389,1610
2018-05-24,-0.0372,2016
2018-05-25,-0.0433,1352
2018-05-26,-0.0228,1271
2018-05-27,-0.0327,2133
2018-05-28,-0.0187,1904
2018-05-29,-0.0101,1586
2018-05-30,-0.0515,2889
2018-05-31,-0.042,4594
2018-06-01,-0.0292,6067
2018-06-02,-0.0372,7221
2018-06-03,-0.0358,10287
2018-06-04,-0.0337,8725
2018-06-05,-0.0273,6942
2018-06-06,-0.0382,4900
2018-06-07,-0.0212,5817
2018-06-08,-0.0404,5331
2018-06-09,-0.0318,4484
2018-06-10,-0.035,10309
2018-06-11,-0.0113,32122
2018-06-12,-0.0236,20743
2018-06-13,-0.0403,14723
2018-06-14,-0.0272,14246
2018-06-15,-0.0253,6770
2018-06-16,-0.012,8998
2018-06-17,-0.0234,8154
2018-06-18,-0.0272,6403
2018-06-19,-0.0326,9988
2018-06-20,-0.0305,8765
2018-06-21,-0.0286,13090
2018-06-22,-0.0325,10556
2018-06-23,-0.034,6813
2018-06-24,-0.0145,12722
2018-06-25,-0.0139,7884
2018-06-26,-0.0001,9878
2018-06-27,-0.0235,9002
2018-06-28,-0.0129,10621
2018-06-29,-0.0289,12166
2018-06-30,-0.0307,12542
2018-07-01,-0.0305,7960
2018-07-02,-0.0205,10437
2018-07-03,-0.0198,7720
2018-07-04,-0.0394,9864
2018-07-05,-0.0365,10510
2018-07-06,-0.0221,6968
2018-07-07,-0.024,7040
2018-07-08,-0.0051,6627
2018-07-09,-0.0198,11450
2018-07-10,-0.0366,12350
2018-07-11,-0.0383,10766
2018-07-12,-0.0395,13027
2018-07-13,-0.0361,6974
2018-07-14,-0.034,7832
2018-07-15,-0.0052,13515
2018-07-16,-0.0243,10192
2018-07-17,-0.0398,9750
2018-07-18,-0.0402,6256
2018-07-19,-0.0211,7770
2018-07-20,-0.0342,5291
2018-07-21,-0.0443,6133
2018-07-22,-0.0387,7473
2018-07-23,-0.0083,7159
2018-07-24,-0.036,5828
2018-07-25,-0.0254,5696
2018-07-26,-0.0261,5434
2018-07-27,-0.0263,3748
2018-07-28,-0.0426,1152
2018-07-29,-0.0351,7255
2018-07-30,-0.0388,15624
2018-07-31,-0.0287,16496
2018-08-01,-0.0343,12202
2018-08-02,-0.0318,8664
2018-08-03,-0.0408,11428
2018-08-04,-0.0361,8664
2018-08-05,-0.0389,7250
2018-08-06,-0.0346,11000
2018-08-07,-0.0361,10815
2018-08-08,-0.0495,9187
2018-08-09,-0.0481,5171
2018-08-10,-0.0471,4625
2018-08-11,-0.0621,5869
2018-08-12,-0.0435,5212
2018-08-13,-0.0332,7948
2018-08-14,-0.0413,17819
2018-08-15,-0.0383,4902
2018-08-16,-0.049,4161
2018-08-17,-0.0368,2390
2018-08-18,-0.0361,2779
2018-08-19,-0.0446,4585
2018-08-20,-0.0467,5957
2018-08-21,-0.0145,8457
2018-08-22,-0.006,11896
2018-08-23,-0.0192,17388
2018-08-24,-0.047,23750
2018-08-25,-0.0371,23575
2018-08-26,-0.0305,15495
2018-08-27,-0.0091,18190
2018-08-28,-0.0421,17710
2018-08-29,-0.0424,15789
2018-08-30,-0.0203,13173
2018-08-31,-0.0125,18926
2018-09-01,-0.025,9463
2018-09-02,-0.0205,8646
2018-09-03,-0.0269,5665
2018-09-04,-0.0351,7295
2018-09-05,-0.0294,8297
2018-09-06,-0.0306,6122
2018-09-07,-0.0387,8215
2018-09-08,-0.023,6782
2018-09-09,-0.0314,7483
2018-09-10,-0.0354,8073
2018-09-11,-0.0275,9837
2018-09-12,-0.0303,6794
2018-09-13,-0.0342,5405
2018-09-14,-0.0422,15800
2018-09-15,-0.0401,6726
2018-09-16,-0.035,7660
2018-09-17,-0.0343,10243
2018-09-18,-0.0287,6823
2018-09-19,-0.035,5406
2018-09-20,-0.0347,6473
2018-09-21,-0.02,7497
2018-09-22,-0.0331,6893
2018-09-23,-0.0315,5422
2018-09-24,0.0029,11922
2018-09-25,-0.0197,4418
2018-09-26,-0.0154,6430
2018-09-27,-0.028,5691
2018-09-28,-0.0328,2004
2018-09-29,-0.032,3434
2018-09-30,-0.0376,4615
2018-10-01,-0.0349,2003
2018-10-02,0.0046,8452
2018-10-03,-0.0348,8284
2018-10-04,-0.0399,7203
2018-10-05,-0.0354,5555
2018-10-06,0.0077,5318
2018-10-07,-0.014,9605
2018-10-08,-0.0322,4977
2018-10-09,-0.0351,4228
2018-10-10,-0.0216,2890
2018-10-11,-0.0343,3970
2018-10-12,-0.0216,4270
2018-10-13,-0.0489,11079
2018-10-14,-0.0419,11652
2018-10-15,-0.0189,11283
2018-10-16,-0.0287,11187
2018-10-17,-0.032,7705
2018-10-18,-0.0267,7927
2018-10-19,-0.0363,5101
2018-10-20,-0.0335,4086
2018-10-21,-0.0228,7441
2018-10-22,-0.0341,5382
2018-10-23,-0.0251,5170
2018-10-24,-0.0418,8507
2018-10-25,-0.0431,13043
2018-10-26,-0.0332,8490
2018-10-27,-0.0692,11434
2018-10-28,-0.0488,7250
2018-10-29,-0.0252,3856
2018-10-30,-0.0404,4723
2018-10-31,-0.0235,4725
2018-11-01,-0.0344,5368
2018-11-02,-0.0035,5481
2018-11-03,-0.0023,4562
2018-11-04,-0.0258,2756
2018-11-05,-0.0432,5530
2018-11-06,-0.0304,6363
2018-11-07,-0.0312,8128
2018-11-08,-0.0283,4822
2018-11-09,-0.031,4007
2018-11-10,-0.0398,5650
2018-11-11,-0.0353,4087
2018-11-12,-0.0427,4399
2018-11-13,-0.0365,5297
2018-11-14,-0.0297,2938
2018-11-15,-0.0256,4129
2018-11-16,-0.0271,2853
2018-11-17,-0.0528,2573
2018-11-18,-0.0324,3414
2018-11-19,-0.0441,3219
2018-11-20,-0.0284,3604
2018-11-21,-0.0596,3520
2018-11-22,-0.0518,4316
2018-11-23,-0.0226,4532
2018-11-24,-0.0342,9315
2018-11-25,-0.0457,6573
2018-11-26,-0.0301,3569
2018-11-27,-0.0137,6486
2018-11-28,-0.0247,8679
2018-11-29,-0.0137,7124
2018-11-30,-0.0306,5600
2018-12-01,-0.0427,3881
2018-12-02,-0.0496,8988
2018-12-03,-0.0278,7603
2018-12-04,-0.0046,5607
2018-12-05,-0.0379,4209
2018-12-06,-0.0418,4359
2018-12-07,-0.0313,7333
2018-12-08,-0.0287,3800
2018-12-09,-0.0263,2972
2018-12-10,-0.0473,5658
2018-12-11,-0.0379,3332
2018-12-12,-0.0313,2715
2018-12-13,-0.0313,2843
2018-12-14,-0.0611,4039
2018-12-15,-0.0538,5433
2018-12-16,-0.0484,2044
2018-12-17,-0.0314,1272
2018-12-18,-0.0339,3043
2018-12-19,-0.0284,3298
2018-12-20,-0.0394,3673
2018-12-21,-0.0463,2194
2018-12-22,-0.0393,5725
2018-12-23,-0.0277,5313
2018-12-24,-0.0155,2930
2018-12-25,-0.0187,2098
2018-12-26,-0.0061,4381
2018-12-27,-0.0271,2874
2018-12-28,-0.0264,3917
2018-12-29,-0.0371,3364
2018-12-30,-0.0299,3135
2018-12-31,0.0289,9024
2019-01-01,0.0237,11415
2019-01-02,-0.0158,9209
2019-01-03,-0.0373,11628
2019-01-04,-0.049,13019
2019-01-05,-0.0492,13223
2019-01-06,-0.0313,9868
2019-01-07,-0.0383,10023
2019-01-08,-0.0254,9205
2019-01-09,-0.0188,10958
2019-01-10,-0.0232,8424
2019-01-11,-0.0241,8238
2019-01-12,-0.0329,7139
2019-01-13,-0.026,5395
2019-01-14,-0.0215,3272
2019-01-15,-0.0216,1994
2019-01-16,-0.0312,4508
2019-01-17,-0.0064,6865
2019-01-18,-0.0454,5570
2019-01-19,-0.0233,5840
2019-01-20,-0.0343,8385
2019-01-21,-0.0399,10806
2019-01-22,-0.0357,10101
2019-01-23,-0.0373,9107
2019-01-24,-0.042,13534
2019-01-25,-0.037,10185
2019-01-26,-0.0176,9063
2019-01-27,-0.0275,12680
2019-01-28,-0.0222,8371
2019-01-29,-0.0166,14237
2019-01-30,-0.0475,10547
2019-01-31,-0.0206,11051
2019-02-01,-0.0261,5589
2019-02-02,-0.0455,5313
2019-02-03,-0.0392,5720
2019-02-04,-0.0413,6726
2019-02-05,-0.0183,6644
2019-02-06,-0.0113,7808
2019-02-07,-0.0208,3267
2019-02-08,-0.0315,3825
2019-02-09,-0.0349,3154
2019-02-10,-0.0256,3430
2019-02-11,-0.0347,5790
2019-02-12,-0.0216,6345
2019-02-13,-0.0255,3391
2019-02-14,-0.0334,3509
2019-02-15,-0.0382,3775
2019-02-16,-0.0499,6486
2019-02-17,-0.0583,5860
2019-02-18,-0.0345,3398
2019-02-19,-0.0279,3979
2019-02-20,-0.0443,3801
2019-02-21,-0.0565,6443
2019-02-22,-0.0653,5926
2019-02-23,-0.0458,4715
2019-02-24,-0.04,5862
2019-02-25,-0.0336,9295
2019-02-26,-0.0402,3961
2019-02-27,-0.041,4550
2019-02-28,-0.0509,4369
2019-03-01,-0.0478,5266
2019-03-02,-0.0579,5184
2019-03-03,-0.0173,8080
2019-03-04,-0.0226,5582
2019-03-05,-0.0313,5373
2019-03-06,-0.0307,8083
2019-03-07,-0.0518,6851
2019-03-08,-0.0358,6088
2019-03-09,-0.0409,3685
2019-03-10,-0.0331,5142
2019-03-11,-0.0203,3551
2019-03-12,-0.0345,3647
2019-03-13,-0.0298,2933
2019-03-14,-0.0327,2653
2019-03-15,-0.0291,3638
2019-03-16,-0.037,2068
2019-03-17,-0.0527,3860
2019-03-18,-0.0494,4766
2019-03-19,-0.0297,7066
2019-03-20,-0.0404,6997
2019-03-21,-0.0683,12219
2019-03-22,-0.0466,7930
2019-03-23,-0.0367,5323
2019-03-24,-0.0285,9335
2019-03-25,-0.0262,7200
2019-03-26,-0.025,7426
2019-03-27,-0.0345,5914
2019-03-28,-0.029,6684
2019-03-29,-0.0379,5200
2019-03-30,-0.0301,2009
2019-03-31,-0.0214,1848
2019-04-01,-0.0498,4414
2019-04-02,-0.0572,5170
2019-04-03,-0.065,4794
2019-04-04,-0.0472,6184
2019-04-05,-0.0385,4422
2019-04-06,-0.0441,3596
2019-04-07,-0.0351,4138
2019-04-08,-0.0392,3509
2019-04-09,-0.0376,7113
2019-04-10,-0.0409,4405
2019-04-11,-0.0312,6050
2019-04-12,-0.0386,5693
2019-04-13,-0.052,2807
2019-04-14,-0.0273,3054
2019-04-15,-0.0276,3288
2019-04-16,-0.0384,3743
2019-04-17,-0.0232,3952
2019-04-18,-0.0331,3869
2019-04-19,-0.0309,3662
2019-04-20,-0.0394,2184
2019-04-21,-0.0415,1843
2019-04-22,-0.0352,2225
2019-04-23,-0.0189,3326
2019-04-24,-0.022,4215
2019-04-25,-0.0317,5202
2019-04-26,-0.0257,4593
2019-04-27,-0.0498,3252
2019-04-28,-0.0452,2996
2019-04-29,-0.0412,4043
2019-04-30,-0.0157,5131
2019-05-01,-0.0079,3258
2019-05-02,-0.0193,3607
2019-05-03,-0.0223,6605
2019-05-04,-0.034,3296
2019-05-05,-0.0525,2916
2019-05-06,-0.0468,3391
2019-05-07,-0.0441,2522
2019-05-08,-0.0405,3270
2019-05-09,-0.0202,3875
2019-05-10,-0.0232,3023
2019-05-11,-0.0437,2428
2019-05-12,-0.0443,2697
2019-05-13,-0.0341,5822
2019-05-14,-0.0301,4454
2019-05-15,-0.0339,5605
2019-05-16,-0.0355,3447
2019-05-17,-0.0373,4441
2019-05-18,-0.0425,4844
2019-05-19,-0.022,5303
2019-05-20,-0.0162,8251
2019-05-21,-0.0527,9093
2019-05-22,-0.0361,6010
2019-05-23,-0.0301,4811
2019-05-24,-0.01,3844
2019-05-25,-0.0286,3623
2019-05-26,-0.0303,3265
2019-05-27,-0.026,7953
2019-05-28,-0.0268,4853
2019-05-29,-0.0191,2888
2019-05-30,-0.0249,4456
2019-05-31,-0.0193,4594
2019-06-01,-0.0303,4757
2019-06-02,-0.0314,6354
2019-06-03,-0.0261,3777
2019-06-04,-0.0292,4620
2019-06-05,-0.0254,4246
2019-06-06,-0.0144,5369
2019-06-07,-0.0207,1401
2019-06-08,-0.0603,25
2019-06-09,-0.017,29
2019-06-10,0.0058,2802
2019-06-11,-0.0123,3878
2019-06-12,-0.0437,3355
2019-06-13,-0.0279,6849
2019-06-14,-0.0192,4914
2019-06-15,-0.0216,3440
2019-06-16,-0.0263,5252
2019-06-17,-0.0377,3877
2019-06-18,-0.0344,4269
2019-06-19,-0.0289,3179
2019-06-20,-0.0189,3654
2019-06-21,-0.033,4853
2019-06-22,-0.0278,4139
2019-06-23,-0.0132,2338
2019-06-24,-0.021,4739
2019-06-25,-0.0343,6350
2019-06-26,0.0003,10816
2019-06-27,-0.0153,10527
2019-06-28,-0.0305,7600
2019-06-29,-0.0252,17968
2019-06-30,-0.0221,12276
2019-07-01,-0.0213,7470
2019-07-02,-0.0176,9270
2019-07-03,-0.0271,8758
2019-07-04,-0.0344,11947
2019-07-05,-0.0098,7666
2019-07-06,-0.025,7457
2019-07-07,-0.0266,10037
2019-07-08,-0.0346,9862
2019-07-09,-0.0294,7913
2019-07-10,-0.0197,7291
2019-07-11,-0.0233,4671
2019-07-12,-0.0231,4141
2019-07-13,-0.0163,6702
2019-07-14,-0.0172,6974
2019-07-15,-0.0294,6675
2019-07-16,-0.0142,5976
2019-07-17,0.0052,6803
2019-07-18,-0.0308,4151
2019-07-19,-0.0385,1952
2019-07-20,-0.0638,5414
2019-07-21,-0.0649,7554
2019-07-22,-0.0262,5744
2019-07-23,-0.0388,4355
2019-07-24,-0.0288,4576
2019-07-25,-0.0419,4774
2019-07-26,-0.0267,8460
2019-07-27,-0.0419,8357
2019-07-28,-0.0288,5142
2019-07-29,-0.0457,3390
2019-07-30,-0.0569,7483
2019-07-31,-0.0361,6092
2019-08-01,-0.0255,3911
2019-08-02,-0.0361,4192
2019-08-03,-0.0674,6993
2019-08-04,-0.0422,4875
2019-08-05,-0.0384,6511
2019-08-06,-0.0243,6377
2019-08-07,-0.0216,5388
2019-08-08,-0.0382,4737
2019-08-09,-0.0145,6291
2019-08-10,0.0171,6533
2019-08-11,-0.0002,4827
2019-08-12,-0.0226,3506
2019-08-13,-0.0241,6162
2019-08-14,-0.0225,6857
2019-08-15,-0.0289,6608
2019-08-16,-0.0386,9092
2019-08-17,-0.0181,12818
2019-08-18,-0.0401,14142
2019-08-19,-0.038,8549
2019-08-20,-0.0197,6026
2019-08-21,-0.028,7595
2019-08-22,-0.0263,6343
2019-08-23,-0.0107,9084
2019-08-24,-0.0217,7104
2019-08-25,-0.0351,4406
2019-08-26,-0.0406,5084
2019-08-27,-0.0125,3641
2019-08-28,-0.0233,4134
2019-08-29,-0.0161,3583
2019-08-30,-0.0073,4902
2019-08-31,-0.0386,5488
2019-09-01,-0.0284,8007
2019-09-02,-0.0338,11229
2019-09-03,-0.0375,7258
2019-09-04,-0.0335,5156
2019-09-05,-0.0258,7416
2019-09-06,-0.0347,4476
2019-09-07,-0.0256,7269
2019-09-08,-0.0197,4789
2019-09-09,-0.0113,4725
2019-09-10,-0.031,2727
2019-09-11,-0.0249,5783
2019-09-12,-0.0306,7378
2019-09-13,-0.0362,7914
2019-09-14,-0.0345,9336
2019-09-15,-0.038,9186
2019-09-16,-0.0565,7218
2019-09-17,-0.0508,6871
2019-09-18,-0.0495,7191
2019-09-19,-0.0172,8812
2019-09-20,-0.0102,7403
2019-09-21,-0.0192,7260
2019-09-22,-0.0344,4673
2019-09-23,-0.0228,8257
2019-09-24,-0.0304,5966
2019-09-25,-0.0238,3460
2019-09-26,-0.018,7510
2019-09-27,-0.0439,6288
2019-09-28,-0.06,5914
2019-09-29,-0.0256,9451
2019-09-30,-0.036,6128
2019-10-01,-0.0302,4315
2019-10-02,-0.022,3618
2019-10-03,-0.0586,5041
2019-10-04,-0.0546,5024
2019-10-05,-0.044,10878
2019-10-06,-0.0237,9099
2019-10-07,-0.0306,3537
2019-10-08,-0.0426,4191
2019-10-09,-0.0293,3702
2019-10-10,-0.0501,4018
2019-10-11,-0.0253,4442
2019-10-12,-0.0037,4763
2019-10-13,-0.0342,7500
2019-10-14,-0.0339,4765
2019-10-15,-0.0245,5910
2019-10-16,-0.0295,5605
2019-10-17,-0.0355,4109
2019-10-18,-0.0322,3652
2019-10-19,-0.049,2734
2019-10-20,-0.06,2094
2019-10-21,-0.0387,2674
2019-10-22,-0.0434,3033
2019-10-23,-0.0389,3156
2019-10-24,-0.0578,3600
2019-10-25,-0.0241,3520
2019-10-26,-0.0317,2654
2019-10-27,-0.0468,1973
2019-10-28,-0.033,2689
2019-10-29,-0.0236,3772
2019-10-30,-0.0434,4967
2019-10-31,-0.0441,3783
2019-11-01,-0.0506,5907
2019-11-02,-0.041,6930
2019-11-03,-0.0513,5534
2019-11-04,-0.0401,3083
2019-11-05,-0.0146,4189
2019-11-06,-0.0274,2822
2019-11-07,-0.0375,3290
2019-11-08,-0.0317,3291
2019-11-09,-0.0334,3624
2019-11-10,-0.0449,3632
2019-11-11,-0.0509,1817
2019-11-12,-0.0285,1884
2019-11-13,-0.0476,2845
2019-11-14,-0.0439,5542
2019-11-15,-0.0359,2856
2019-11-16,-0.036,4538
2019-11-17,-0.0231,7216
2019-11-18,-0.018,4639
2019-11-19,-0.0284,4310
2019-11-20,-0.0281,2532
2019-11-21,-0.0196,2738
2019-11-22,-0.0333,4326
2019-11-23,-0.0146,5912
2019-11-24,-0.0385,3251
2019-11-25,-0.0481,4053
2019-11-26,-0.0465,3031
2019-11-27,-0.0387,3229
2019-11-28,-0.0453,2490
2019-11-29,-0.0508,1912
2019-11-30,-0.04,1571
2019-12-01,-0.0492,1490
2019-12-02,-0.0396,1303
2019-12-03,-0.0305,2145
2019-12-04,-0.0367,2740
2019-12-05,-0.0294,3864
2019-12-06,-0.0358,4973
2019-12-07,-0.0444,4378
2019-12-08,-0.0354,3417
2019-12-09,-0.0292,3026
2019-12-10,-0.0419,2531
2019-12-11,-0.0503,3196
2019-12-12,-0.0331,2228
2019-12-13,-0.0357,2181
2019-12-14,-0.0222,1606
2019-12-15,-0.0457,2456
2019-12-16,-0.0335,2291
2019-12-17,-0.0463,3691
2019-12-18,-0.0344,3977
2019-12-19,-0.0307,4115
2019-12-20,-0.041,3213
2019-12-21,-0.0251,4150
2019-12-22,-0.0295,2509
2019-12-23,-0.046,2713
2019-12-24,-0.0168,2059
2019-12-25,-0.0316,1817
2019-12-26,-0.0262,2702
2019-12-27,-0.0297,2984
2019-12-28,-0.0116,3638
2019-12-29,-0.0186,3970
2019-12-30,-0.012,4012
2019-12-31,-0.0226,2626
2020-01-01,-0.0103,2056
2020-01-02,-0.036,3278
2020-01-03,-0.0322,2908
2020-01-04,-0.0316,1940
2020-01-05,-0.0382,3042
2020-01-06,-0.0376,2560
2020-01-07,-0.0514,3695
2020-01-08,-0.0555,2476
2020-01-09,-0.041,2079
2020-01-10,-0.0136,2927
2020-01-11,-0.027,1893
2020-01-12,-0.0407,2420
2020-01-13,-0.0281,2533
2020-01-14,-0.0468,2508
2020-01-15,-0.0333,3129
2020-01-16,-0.0336,3262
2020-01-17,-0.0232,3381
2020-01-18,-0.0331,3624
2020-01-19,-0.0232,4112
2020-01-20,-0.034,2910
2020-01-21,-0.0257,2769
2020-01-22,-0.0391,3875
2020-01-23,-0.0282,3353
2020-01-24,-0.0334,2500
2020-01-25,-0.0299,4550
2020-01-26,-0.0366,3763
2020-01-27,-0.0252,2935
2020-01-28,-0.0397,5389
2020-01-29,-0.0363,4493
2020-01-30,-0.0379,4473
2020-01-31,-0.0298,3112
2020-02-01,-0.0326,2725
2020-02-02,-0.0521,3931
2020-02-03,-0.0437,4100
2020-02-04,-0.0057,3130
2020-02-05,-0.0304,2802
2020-02-06,-0.0533,3282
2020-02-07,-0.0511,3192
2020-02-08,-0.0313,2094
2020-02-09,-0.0203,1551
2020-02-10,-0.0279,1620
2020-02-11,-0.0481,2689
2020-02-12,-0.0387,5424
2020-02-13,-0.034,4184
2020-02-14,-0.037,2649
2020-02-15,-0.0296,2241
2020-02-16,-0.034,3610
2020-02-17,-0.0275,4471
2020-02-18,-0.0424,4470
2020-02-19,-0.0394,6726
2020-02-20,-0.054,7046
2020-02-21,-0.0411,4275
2020-02-22,-0.0586,969
2020-02-23,-0.0532,4933
2020-02-24,-0.0502,2316
2020-02-25,-0.0423,1354
2020-02-26,-0.0054,4331
2020-02-27,-0.0122,5362
2020-02-28,-0.0624,3750
2020-02-29,-0.0355,4191
2020-03-01,-0.0428,4601
2020-03-02,-0.0275,5456
2020-03-03,-0.0498,6258
2020-03-04,-0.0495,2651
2020-03-05,-0.0465,3130
2020-03-06,-0.0626,4341
2020-03-07,-0.0474,2894
2020-03-08,-0.0925,4984
2020-03-09,-0.0483,2425
2020-03-10,-0.042,2040
2020-03-11,-0.0605,1850
2020-03-12,-0.0536,1451
2020-03-13,-0.043,3217
2020-03-14,-0.0678,7079
2020-03-15,-0.0633,3571
2020-03-16,-0.0693,3159
2020-03-17,-0.0835,4005
2020-03-18,-0.0845,3995
2020-03-19,-0.0525,3064
2020-03-20,-0.0562,3294
2020-03-21,-0.0403,2401
2020-03-22,-0.0504,1656
2020-03-23,-0.0933,4125
2020-03-24,-0.0671,2226
2020-03-25,-0.0615,1868
2020-03-26,-0.12,3246
2020-03-27,-0.0566,2445
2020-03-28,-0.0219,2062
2020-03-29,-0.0426,2309
2020-03-30,-0.0409,2480
2020-03-31,-0.0323,3289
2020-04-01,-0.0358,4072
2020-04-02,-0.0439,1972
2020-04-03,0.0064,2935
2020-04-04,-0.0101,2277
2020-04-05,-0.0213,3173
2020-04-06,-0.0404,5364
2020-04-07,-0.0623,4037
2020-04-08,-0.0339,5542
2020-04-09,-0.0284,4150
2020-04-10,-0.0389,2482
2020-04-11,-0.0469,1790
2020-04-12,-0.0655,5547
2020-04-13,-0.0436,5947
2020-04-14,-0.0434,5553
2020-04-15,-0.0253,4587
2020-04-16,-0.0479,4437
2020-04-17,-0.0389,3693
2020-04-18,-0.0286,5802
2020-04-19,-0.0362,5227
2020-04-20,-0.0531,5341
2020-04-21,-0.0374,4971
2020-04-22,-0.0432,3696
2020-04-23,-0.0396,2947
2020-04-24,-0.0406,1465
2020-04-25,-0.0356,1977
2020-04-26,-0.0403,1706
2020-04-27,-0.0455,1663
2020-04-28,-0.0463,2580
2020-04-29,-0.0421,1441
2020-04-30,-0.0354,2663
2020-05-01,-0.0374,3065
2020-05-02,-0.0311,3348
2020-05-03,-0.0269,2395
2020-05-04,-0.027,2467
2020-05-05,-0.0309,4241
2020-05-06,-0.0336,11517
2020-05-07,-0.0499,10032
2020-05-08,-0.0353,7082
2020-05-09,-0.0276,3175
2020-05-10,-0.0532,5032
2020-05-11,-0.0299,5203
2020-05-12,-0.0293,3698
2020-05-13,-0.0922,11348
2020-05-14,-0.0855,12828
2020-05-15,-0.0678,4978
2020-05-16,-0.0373,4143
2020-05-17,-0.0378,2577
2020-05-18,-0.0361,2039
2020-05-19,-0.0425,2853
2020-05-20,-0.0309,3853
2020-05-21,-0.0539,6056
2020-05-22,-0.0573,2352
2020-05-23,-0.0457,2014
2020-05-24,-0.0519,2053
2020-05-25,-0.0315,2278
2020-05-26,-0.0391,1682
2020-05-27,-0.0348,2623
2020-05-28,-0.0144,1868
2020-05-29,-0.0397,1814
2020-05-30,-0.0436,3069
2020-05-31,-0.0118,3147
2020-06-01,-0.0185,1960
2020-06-02,-0.0261,1716
2020-06-03,-0.0401,3092
2020-06-04,-0.0482,3130
2020-06-05,-0.0299,1933
2020-06-06,-0.0142,2044
2020-06-07,-0.0552,2236
2020-06-08,-0.0331,3280
2020-06-09,-0.0066,2316
2020-06-10,-0.0116,2101
2020-06-11,-0.0289,1951
2020-06-12,-0.061,3251
2020-06-13,-0.0484,2089
2020-06-14,-0.0354,2138
2020-06-15,-0.0073,2480
2020-06-16,-0.0622,3434
2020-06-17,-0.0404,3239
2020-06-18,-0.0511,2714
2020-06-19,-0.0435,2706
2020-06-20,-0.0289,3553
2020-06-21,-0.0623,3666
2020-06-22,-0.0658,3971
2020-06-23,-0.0284,2366
2020-06-24,-0.0359,2954
2020-06-25,-0.0359,4800
2020-06-26,-0.0552,3056
2020-06-27,-0.0563,3559
2020-06-28,-0.0559,2873
2020-06-29,-0.0549,2828
2020-06-30,-0.0599,4541
2020-07-01,-0.0527,3667
2020-07-02,-0.0406,4606
2020-07-03,-0.0359,3557
2020-07-04,-0.0587,2303
2020-07-05,-0.0534,3400
2020-07-06,-0.0524,3336
2020-07-07,-0.0415,3615
2020-07-08,-0.0523,3504
2020-07-09,-0.0481,2884
2020-07-10,-0.0601,3902
2020-07-11,-0.0475,2419
2020-07-12,-0.058,4604
2020-07-13,-0.0562,4740
2020-07-14,-0.0717,5050
2020-07-15,-0.0963,7216
2020-07-16,-0.0871,6389
2020-07-17,-0.0828,6878
2020-07-18,-0.0653,4356
2020-07-19,-0.0487,3844
2020-07-20,-0.046,3446
2020-07-21,-0.0608,5460
2020-07-22,-0.0377,5909
2020-07-23,-0.0511,5423
2020-07-24,-0.068,6486
2020-07-25,-0.0697,5034
2020-07-26,-0.0438,6591
2020-07-27,-0.06,8464
2020-07-28,-0.0636,5072
2020-07-29,-0.0454,5534
2020-07-30,-0.032,5232
2020-07-31,-0.0391,5632
2020-08-01,-0.0495,6863
2020-08-02,-0.0631,4987
2020-08-03,-0.0443,7241
2020-08-04,-0.0254,7074
2020-08-05,-0.0256,4214
2020-08-06,-0.0361,3855
2020-08-07,-0.0466,5361
2020-08-08,-0.0468,4741
2020-08-09,-0.0431,4172
2020-08-10,-0.0346,3952
2020-08-11,-0.0293,4174
2020-08-12,-0.0692,6861
2020-08-13,-0.0871,6873
2020-08-14,-0.054,5249
2020-08-15,-0.0305,4358
2020-08-16,-0.05,4965
2020-08-17,-0.0372,5885
2020-08-18,-0.0439,7095
2020-08-19,-0.0456,2635
2020-08-20,-0.0599,4106
2020-08-21,-0.0402,4882
2020-08-22,-0.0254,3769
2020-08-23,-0.0365,6356
2020-08-24,-0.0443,6222
2020-08-25,-0.0249,10663
2020-08-26,-0.0193,5091
2020-08-27,-0.0372,3352
2020-08-28,-0.0499,2381
2020-08-29,-0.0478,4083
2020-08-30,-0.0483,6469
2020-08-31,-0.0443,6163
2020-09-01,-0.065,5792
2020-09-02,-0.0303,4324
2020-09-03,-0.0359,2197
2020-09-04,-0.0413,1788
2020-09-05,-0.0428,2427
2020-09-06,-0.0372,1683
2020-09-07,-0.0318,2288
2020-09-08,-0.0549,8994
2020-09-09,-0.0463,3907
2020-09-10,-0.0255,3784
2020-09-11,-0.0462,3230
2020-09-12,-0.0366,3158
2020-09-13,-0.0475,2783
2020-09-14,-0.047,1454
2020-09-15,-0.0683,4589
2020-09-16,-0.0467,3400
2020-09-17,-0.0128,3044
2020-09-18,-0.0311,2866
2020-09-19,-0.0602,2310
2020-09-20,-0.0409,2293
2020-09-21,-0.0583,2129
2020-09-22,-0.0395,1543
2020-09-23,-0.0281,1722
2020-09-24,-0.0275,3229
2020-09-25,-0.0376,3336
2020-09-26,-0.0207,1470
2020-09-27,-0.0251,2195
2020-09-28,-0.0528,3239
2020-09-29,-0.0451,1788
2020-09-30,-0.0231,1344
2020-10-01,-0.0471,2286
2020-10-02,-0.0302,2167
2020-10-03,-0.0429,4354
2020-10-04,-0.0312,1629
2020-10-05,-0.0354,2989
2020-10-06,-0.0323,4756
2020-10-07,-0.0265,4463
2020-10-08,-0.0357,3718
2020-10-09,-0.0183,1609
2020-10-10,-0.016,1892
2020-10-11,-0.0359,2416
2020-10-12,-0.0133,2731
2020-10-13,-0.0289,2457
2020-10-14,-0.0393,2167
2020-10-15,-0.0993,1655
2020-10-16,-0.0725,1128
2020-10-17,-0.0249,224
2020-10-18,-0.0469,592
2020-10-19,-0.0283,1172
2020-10-20,-0.0124,2349
2020-10-21,-0.045,1222
2020-10-22,-0.0295,2237
2020-10-23,-0.0499,1851
2020-10-24,-0.0522,2127
2020-10-25,-0.0481,1331
2020-10-26,-0.0336,1440
2020-10-27,-0.0512,2779
2020-10-28,-0.0531,2452
2020-10-29,-0.0393,3334
2020-10-30,-0.0454,3222
2020-10-31,-0.0503,1618
2020-11-01,-0.0519,1731
2020-11-02,-0.0436,2519
2020-11-03,-0.0452,3257
2020-11-04,-0.039,2869
2020-11-05,-0.0241,1776
2020-11-06,-0.0491,2106
2020-11-07,-0.0539,1721
2020-11-08,-0.0552,465
2020-11-09,-0.0352,1380
2020-11-10,-0.0569,2592
2020-11-11,-0.0422,1713
2020-11-12,-0.0344,2210
2020-11-13,-0.0428,2011
2020-11-14,-0.0525,1779
2020-11-15,-0.0394,1604
2020-11-16,-0.0629,1387
2020-11-17,-0.0336,1261
2020-11-18,-0.0331,1033
2020-11-19,-0.0543,1349
2020-11-20,-0.0199,916
2020-11-21,-0.04,1134
2020-11-22,-0.033,996
2020-11-23,-0.0236,961
2020-11-24,-0.0395,1088
2020-11-25,-0.0417,1261
2020-11-26,-0.0516,1402
2020-11-27,-0.0246,1307
2020-11-28,-0.0186,2258
2020-11-29,-0.0356,881
2020-11-30,-0.07,2193
2020-12-01,-0.0396,2378
2020-12-02,-0.0472,1572
2020-12-03,-0.0499,2159
2020-12-04,-0.0443,1961
2020-12-05,-0.0365,1233
2020-12-06,-0.043,1435
2020-12-07,-0.0373,998
2020-12-08,-0.0567,2084
2020-12-09,-0.0254,1536
2020-12-10,-0.0449,1043
2020-12-11,-0.0331,642
2020-12-12,-0.0579,914
2020-12-13,-0.0372,935
2020-12-14,-0.0392,975
2020-12-15,-0.0312,250
2020-12-16,-0.03,411
2020-12-17,-0.0524,609
2020-12-18,-0.0308,893
2020-12-19,-0.04,786
2020-12-20,-0.0507,1773
2020-12-21,-0.0387,743
2020-12-22,-0.0613,1048
2020-12-23,-0.0579,1720
2020-12-24,-0.0483,1400
2020-12-25,-0.0604,957
2020-12-26,-0.0527,1191
2020-12-27,-0.0451,721
2020-12-28,-0.0401,1066
2020-12-29,-0.0264,865
2020-12-30,-0.0338,1803
2020-12-31,-0.0457,1218
2021-01-01,-0.0605,705
2021-01-02,-0.0438,1539
2021-01-03,-0.0341,1031
2021-01-04,-0.0513,257
2021-01-05,-0.0357,381
2021-01-06,-0.0293,580
2021-01-07,-0.0431,727
2021-01-08,-0.032,755
2021-01-09,-0.0503,862
2021-01-10,-0.0662,1019
2021-01-11,-0.0561,542
2021-01-12,-0.0278,401
2021-01-13,-0.028,714
2021-01-14,-0.0761,1071
2021-01-15,-0.0549,986
2021-01-16,-0.0297,757
2021-01-17,-0.0515,977
2021-01-18,-0.0655,1029
2021-01-19,-0.0306,812
2021-01-20,-0.0204,788
2021-01-21,-0.0172,626
2021-01-22,-0.0475,838
2021-01-23,-0.0366,758
2021-01-24,-0.0266,712
2021-01-25,-0.054,1215
2021-01-26,-0.0455,1052
2021-01-27,-0.0409,740
2021-01-28,-0.0208,439
2021-01-29,-0.0209,777
2021-01-30,-0.0231,910
2021-01-31,-0.0505,1149
2021-02-01,-0.0289,812
2021-02-02,-0.0425,709
2021-02-03,0.005,1721
2021-02-04,-0.0156,1212
2021-02-05,-0.0224,832
2021-02-06,-0.0343,969
2021-02-07,-0.0263,2761
2021-02-08,-0.0269,2249
2021-02-09,-0.0248,1363
2021-02-10,-0.0435,1977
2021-02-11,-0.0354,1239
2021-02-12,-0.0132,1143
2021-02-13,0.0,1755
2021-02-14,-0.0177,1384
2021-02-15,-0.0334,553
2021-02-16,-0.0574,968
2021-02-17,-0.0178,1132
2021-02-18,-0.0138,1482
2021-02-19,-0.0177,1047
2021-02-20,-0.013,1587
2021-02-21,-0.0159,2116
2021-02-22,-0.0348,1028
2021-02-23,-0.0481,1564
2021-02-24,-0.0472,2325
2021-02-25,-0.0263,1628
2021-02-26,-0.0331,1069
2021-02-27,-0.0319,743
2021-02-28,-0.0317,821
2021-03-01,-0.056,2069
2021-03-02,-0.0483,1453
2021-03-03,-0.0278,1498
2021-03-04,-0.0306,587
2021-03-05,-0.0285,876
2021-03-06,-0.0394,919
2021-03-07,-0.0422,572
2021-03-08,-0.0145,921
2021-03-09,-0.0372,2115
2021-03-10,-0.0477,1369
2021-03-11,-0.024,896
2021-03-12,-0.0524,663
2021-03-13,-0.0472,531
2021-03-14,-0.0265,4279
2021-03-15,-0.0019,3518
2021-03-16,-0.0349,1090
2021-03-17,-0.0118,1743
2021-03-18,-0.0257,1067
2021-03-19,-0.0344,1067
2021-03-20,-0.0381,1124
2021-03-21,-0.0292,1411
2021-03-22,-0.0204,1413
2021-03-23,-0.0649,1860
2021-03-24,-0.0449,1474
2021-03-25,-0.0331,1061
2021-03-26,-0.0332,4046
2021-03-27,-0.0413,2618
2021-03-28,-0.0642,1426
2021-03-29,-0.0664,1219
2021-03-30,-0.0654,1807
2021-03-31,-0.0333,1143
2021-04-01,-0.0412,1334
2021-04-02,-0.024,945
2021-04-03,-0.0166,2453
2021-04-04,-0.0236,685
2021-04-05,-0.0429,900
2021-04-06,-0.0165,1912
2021-04-07,-0.0107,1448
2021-04-08,-0.0254,787
2021-04-09,-0.0533,1024
2021-04-10,-0.0278,914
2021-04-11,-0.0299,731
2021-04-12,-0.0311,984
2021-04-13,-0.0258,944
2021-04-14,-0.0207,733
2021-04-15,-0.0247,586
2021-04-16,-0.0355,915
2021-04-17,-0.0067,1100
2021-04-18,-0.0313,634
2021-04-19,-0.0245,1681
2021-04-20,-0.0276,635
2021-04-21,-0.0368,1656
2021-04-22,-0.0297,1373
2021-04-23,-0.0383,981
2021-04-24,-0.0227,1033
2021-04-25,-0.0623,1052
2021-04-26,-0.0052,1283
2021-04-27,-0.022,1408
2021-04-28,-0.0105,993
2021-04-29,-0.0328,668
2021-04-30,-0.0274,600
2021-05-01,-0.0181,1111
2021-05-02,-0.0209,988
2021-05-03,-0.0299,2048
2021-05-04,-0.0577,1159
2021-05-05,-0.0374,928
2021-05-06,-0.0614,1040
2021-05-07,-0.0373,667
2021-05-08,-0.0234,745
2021-05-09,-0.0303,1018
2021-05-10,-0.0371,2632
2021-05-11,-0.048,3045
2021-05-12,-0.0386,1803
2021-05-13,-0.0257,1412
2021-05-14,-0.0419,2136
2021-05-15,-0.0385,998
2021-05-16,-0.0255,722
2021-05-17,-0.0295,970
2021-05-18,-0.0342,1257
2021-05-19,-0.0109,2067
2021-05-20,-0.022,1712
2021-05-21,-0.0321,1245
2021-05-22,-0.0492,1209
2021-05-23,-0.0487,1255
2021-05-24,-0.0414,963
2021-05-25,-0.0334,2080
2021-05-26,-0.0291,1793
2021-05-27,-0.0375,2592
2021-05-28,-0.026,1953
2021-05-29,-0.0329,1107
2021-05-30,-0.0303,733
2021-05-31,-0.0367,730
2021-06-01,-0.0438,461
2021-06-02,-0.0025,766
2021-06-03,-0.0336,1734
2021-06-04,-0.0299,3440
2021-06-05,-0.0499,3049
2021-06-06,-0.0483,2230
2021-06-07,-0.0336,1921
2021-06-08,-0.0363,1903
2021-06-09,-0.0326,1572
2021-06-10,-0.0433,1453
2021-06-11,-0.0476,1203
2021-06-12,-0.0466,1404
2021-06-13,-0.0365,1621
2021-06-14,-0.0247,2169
2021-06-15,-0.039,948
2021-06-16,-0.0128,1493
2021-06-17,-0.032,1263
2021-06-18,-0.0347,1099
2021-06-19,-0.0474,1247
2021-06-20,-0.0337,1273
2021-06-21,-0.0359,1050
2021-06-22,-0.0226,1719
2021-06-23,-0.0295,1242
2021-06-24,-0.0401,1301
2021-06-25,-0.0442,2180
2021-06-26,-0.05,2445
2021-06-27,-0.0429,1536
2021-06-28,-0.0441,800
2021-06-29,-0.0314,768
2021-06-30,-0.0401,399
2021-07-01,-0.0186,2292
2021-07-02,-0.035,1010
2021-07-03,-0.0506,714
2021-07-04,-0.0379,791
2021-07-05,-0.0306,1103
2021-07-06,-0.0281,1917
2021-07-07,-0.0407,1498
2021-07-08,-0.0224,1349
2021-07-09,-0.0317,827
2021-07-10,-0.0758,1193
2021-07-11,-0.0606,800
2021-07-12,-0.0187,539
2021-07-13,-0.0122,810
2021-07-14,-0.0561,1323
2021-07-15,-0.0647,1197
2021-07-16,-0.0318,1345
2021-07-17,-0.0327,1528
2021-07-18,-0.0573,985
2021-07-19,-0.0447,541
2021-07-20,-0.0364,1029
2021-07-21,-0.0448,2377
2021-07-22,-0.0321,1794
2021-07-23,-0.0343,1013
2021-07-24,-0.0853,24
2021-07-25,-0.054,12
2021-07-26,-0.0446,743
2021-07-27,-0.0455,558
2021-07-28,-0.0296,587
2021-07-29,-0.0423,718
2021-07-30,-0.0464,1127
2021-07-31,-0.0542,982
2021-08-01,-0.0274,1162
2021-08-02,-0.0324,985
2021-08-03,-0.0081,1179
2021-08-04,-0.032,860
2021-08-05,-0.0356,536
2021-08-06,-0.0275,629
2021-08-07,-0.0038,984
2021-08-08,-0.023,2308
2021-08-09,-0.0263,2609
2021-08-10,-0.0542,1796
2021-08-11,-0.0334,2545
2021-08-12,-0.0337,2031
2021-08-13,-0.0268,1822
2021-08-14,-0.0384,948
2021-08-15,-0.0196,703
2021-08-16,-0.0298,841
2021-08-17,-0.0313,769
2021-08-18,-0.0267,629
2021-08-19,-0.0382,923
2021-08-20,-0.0198,728
2021-08-21,-0.0117,962
2021-08-22,-0.0445,599
2021-08-23,-0.0658,1732
2021-08-24,-0.0329,929
2021-08-25,-0.0205,788
2021-08-26,-0.047,915
2021-08-27,-0.0385,1044
2021-08-28,-0.0436,895
2021-08-29,-0.0393,1061
2021-08-30,-0.0078,1526
2021-08-31,-0.0496,3216
2021-09-01,-0.0543,2919
2021-09-02,-0.0411,1097
2021-09-03,-0.0308,920
2021-09-04,-0.0254,548
2021-09-05,-0.0485,608
2021-09-06,-0.0455,1127
2021-09-07,-0.04,547
2021-09-08,-0.0381,816
2021-09-09,-0.0386,683
2021-09-10,-0.0501,878
2021-09-11,-0.0654,643
2021-09-12,-0.0693,1587
2021-09-13,-0.0447,1327
2021-09-14,-0.0587,650
2021-09-15,-0.0484,1038
2021-09-16,-0.0421,1383
2021-09-17,-0.0135,1778
2021-09-18,-0.039,601
2021-09-19,-0.007,851
2021-09-20,-0.0209,796
2021-09-21,-0.0359,665
2021-09-22,-0.0312,524
2021-09-23,-0.0395,386
2021-09-24,0.0131,1267
2021-09-25,-0.0039,485
2021-09-26,-0.0393,639
2021-09-27,-0.0298,2930
2021-09-28,-0.0244,2319
2021-09-29,-0.034,1754
2021-09-30,-0.0355,4285
2021-10-01,-0.0359,2616
2021-10-02,-0.0274,1336
2021-10-03,-0.0365,1834
2021-10-04,-0.0084,1258
2021-10-05,-0.0082,942
2021-10-06,-0.0293,656
2021-10-07,-0.0084,711
2021-10-08,-0.0266,941
2021-10-09,-0.0405,928
2021-10-10,-0.0566,1080
2021-10-11,-0.0361,895
2021-10-12,-0.0272,673
2021-10-13,-0.0246,1072
2021-10-14,-0.0215,345
2021-10-15,-0.0319,828
2021-10-16,-0.0449,722
2021-10-17,-0.0571,855
2021-10-18,-0.0494,1117
2021-10-19,-0.0338,1232
2021-10-20,-0.0193,977
2021-10-21,-0.0177,673
2021-10-22,-0.0332,1458
2021-10-23,-0.0032,1768
2021-10-24,-0.044,936
2021-10-25,-0.03,1200
2021-10-26,-0.0449,751
2021-10-27,-0.0115,1024
2021-10-28,-0.0249,599
2021-10-29,-0.0479,198
2021-10-30,-0.0307,435
2021-10-31,-0.0207,420
2021-11-01,-0.0493,625
2021-11-02,-0.0535,457
2021-11-03,-0.0292,436
2021-11-04,-0.0228,906
2021-11-05,-0.0534,766
2021-11-06,-0.0549,573
2021-11-07,-0.0417,1768
2021-11-08,-0.0386,3261
2021-11-09,-0.0533,2771
2021-11-10,-0.0708,2074
2021-11-11,-0.052,1555
2021-11-12,-0.0383,722
2021-11-13,-0.0548,1090
2021-11-14,-0.047,702
2021-11-15,-0.0015,715
2021-11-16,-0.034,1198
2021-11-17,-0.0426,1164
2021-11-18,-0.0369,493
2021-11-19,-0.0723,782
2021-11-20,-0.0694,482
2021-11-21,-0.0386,489
2021-11-22,-0.0845,932
2021-11-23,-0.0825,1004
2021-11-24,-0.0455,599
2021-11-25,-0.0404,839
2021-11-26,-0.0631,1479
2021-11-27,-0.0455,913
2021-11-28,-0.0364,720
2021-11-29,-0.0448,1161
2021-11-30,-0.0163,619
2021-12-01,-0.035,1266
2021-12-02,-0.054,692
2021-12-03,-0.035,870
2021-12-04,-0.0316,868
2021-12-05,-0.0436,1287
2021-12-06,-0.0438,678
2021-12-07,-0.0396,243
2021-12-08,-0.0323,619
2021-12-09,-0.0392,583
2021-12-10,-0.0072,2120
2021-12-11,-0.0358,2568
2021-12-12,-0.0347,639
2021-12-13,-0.0365,501
2021-12-14,-0.0325,497
2021-12-15,-0.0327,1299
2021-12-16,-0.0224,1121
2021-12-17,-0.0301,1031
2021-12-18,-0.0218,518
2021-12-19,-0.0603,540
2021-12-20,-0.0455,640
2021-12-21,-0.0226,343
2021-12-22,-0.0302,577
2021-12-23,-0.0453,480
2021-12-24,-0.0079,440
2021-12-25,-0.0184,421
2021-12-26,-0.0326,810
2021-12-27,-0.0376,705
2021-12-28,-0.0372,463
2021-12-29,-0.0418,508
2021-12-30,-0.0296,525
2021-12-31,-0.0285,410
2022-01-01,-0.0282,588
2022-01-02,-0.0326,425
2022-01-03,-0.0535,488
2022-01-04,-0.0409,316
2022-01-05,-0.0454,409
2022-01-06,-0.0396,660
2022-01-07,-0.0466,892
2022-01-08,-0.0662,1017
2022-01-09,-0.066,796
2022-01-10,-0.0323,682
2022-01-11,-0.0587,1026
2022-01-12,-0.0068,1581
2022-01-13,-0.0201,1577
2022-01-14,-0.0253,920
2022-01-15,-0.0449,535
2022-01-16,-0.0385,1348
2022-01-17,-0.0387,713
2022-01-18,-0.0447,703
2022-01-19,-0.0148,599
2022-01-20,-0.0299,1173
2022-01-21,-0.0558,1135
2022-01-22,-0.0559,907
2022-01-23,-0.0442,588
2022-01-24,-0.0537,386
2022-01-25,-0.0428,490
2022-01-26,-0.0207,968
2022-01-27,-0.0442,405
2022-01-28,-0.0438,231
2022-01-29,-0.039,197
2022-01-30,-0.0561,3
2022-01-31,-0.0568,386
2022-02-01,-0.0685,667
2022-02-02,-0.0511,378
2022-02-03,-0.0157,823
2022-02-04,-0.0479,614
2022-02-05,-0.0225,456
2022-02-06,-0.016,487
2022-02-07,-0.0332,1607
2022-02-08,-0.0403,1239
2022-02-09,-0.0518,697
2022-02-10,-0.0307,222
2022-02-11,-0.0422,302
2022-02-12,-0.0439,448
2022-02-13,-0.0436,480
2022-02-14,-0.0667,695
2022-02-15,-0.0377,442
2022-02-16,-0.0448,400
2022-02-17,-0.0312,368
2022-02-18,-0.055,508
2022-02-19,-0.0413,580
2022-02-20,-0.0345,339
2022-02-21,-0.0278,675
2022-02-22,-0.0295,622
2022-02-23,-0.0394,560
2022-02-24,-0.011,769
2022-02-25,-0.0303,663
2022-02-26,-0.0089,687
2022-02-27,0.0471,612
2022-02-28,0.0353,527
2022-03-01,-0.0315,707
2022-03-02,-0.0284,339
2022-03-03,-0.0346,779
2022-03-04,-0.0277,541
2022-03-05,-0.033,494
2022-03-06,-0.0332,419
2022-03-07,-0.0202,511
2022-03-08,-0.0361,630
2022-03-09,-0.0394,376
2022-03-10,-0.0514,568
2022-03-11,-0.025,868
2022-03-12,-0.0263,498
2022-03-13,-0.0334,478
2022-03-14,-0.0308,298
2022-03-15,-0.028,719
2022-03-16,-0.0345,336
2022-03-17,-0.0329,331
2022-03-18,-0.0424,557
2022-03-19,-0.0331,264
2022-03-20,-0.0202,290
2022-03-21,-0.018,509
2022-03-22,-0.0305,372
2022-03-23,-0.0251,558
2022-03-24,-0.0036,673
2022-03-25,-0.0483,489
2022-03-26,-0.0607,472
2022-03-27,-0.0222,385
2022-03-28,-0.0407,344
2022-03-29,-0.0452,894
2022-03-30,-0.0101,867
2022-03-31,-0.0398,585
2022-04-01,-0.0288,544
2022-04-02,-0.0373,693
2022-04-03,-0.0347,611
2022-04-04,-0.0086,582
2022-04-05,-0.0224,478
2022-04-06,-0.0227,391
2022-04-07,-0.0323,388
2022-04-08,-0.0317,228
2022-04-09,-0.0386,334
2022-04-10,-0.05,489
2022-04-11,-0.0509,449
2022-04-12,-0.0546,502
2022-04-13,-0.0605,722
2022-04-14,-0.0291,908
2022-04-15,-0.0274,650
2022-04-16,-0.0323,573
2022-04-17,-0.0249,320
2022-04-18,-0.0313,392
2022-04-19,-0.0206,965
2022-04-20,-0.0279,918
2022-04-21,-0.0175,762
2022-04-22,-0.0246,329
2022-04-23,-0.0291,305
2022-04-24,-0.0349,453
2022-04-25,-0.0347,326
2022-04-26,-0.0487,294
2022-04-27,-0.0669,450
2022-04-28,-0.0343,256
2022-04-29,-0.0296,292
2022-04-30,-0.0369,279
2022-05-01,-0.0143,963
2022-05-02,-0.0307,389
2022-05-03,-0.0174,1136
2022-05-04,-0.0304,806
2022-05-05,-0.0408,817
2022-05-06,-0.0231,867
2022-05-07,0.0066,820
2022-05-08,-0.0208,440
2022-05-09,-0.0529,425
2022-05-10,-0.0277,1123
2022-05-11,-0.0344,1224
2022-05-12,-0.0345,810
2022-05-13,-0.0552,939
2022-05-14,-0.0633,1733
2022-05-15,-0.0445,964
2022-05-16,-0.042,681
2022-05-17,-0.0409,747
2022-05-18,-0.0329,904
2022-05-19,-0.0299,645
2022-05-20,-0.0401,1096
2022-05-21,-0.0416,537
2022-05-22,-0.0269,366
2022-05-23,-0.0522,373
2022-05-24,-0.0307,781
2022-05-25,-0.0341,1172
2022-05-26,-0.0228,695
2022-05-27,-0.022,705
2022-05-28,-0.0247,497
2022-05-29,-0.0539,485
2022-05-30,-0.0471,487
2022-05-31,-0.0285,620
2022-06-01,-0.0558,1052
2022-06-02,-0.049,616
2022-06-03,-0.0546,786
2022-06-04,-0.0556,1569
2022-06-05,-0.0655,2134
2022-06-06,-0.077,2490
2022-06-07,-0.0692,3087
2022-06-08,-0.0478,2027
2022-06-09,-0.0409,1226
2022-06-10,-0.0343,762
2022-06-11,-0.0077,665
2022-06-12,-0.0313,629
2022-06-13,-0.0445,753
2022-06-14,-0.0254,1552
2022-06-15,-0.0373,2839
2022-06-16,-0.0352,1315
2022-06-17,-0.0302,805
2022-06-18,-0.0239,837
2022-06-19,-0.0257,1395
2022-06-20,-0.0228,944
2022-06-21,-0.0282,1423
2022-06-22,-0.0285,615
2022-06-23,-0.0267,805
2022-06-24,-0.0511,972
2022-06-25,-0.0425,992
2022-06-26,-0.039,672
2022-06-27,-0.0393,559
2022-06-28,-0.0599,630
2022-06-29,-0.0421,2324
2022-06-30,-0.028,3193
2022-07-01,-0.0423,2066
2022-07-02,-0.0351,1493
2022-07-03,-0.0523,1807
2022-07-04,-0.0617,1907
2022-07-05,-0.0301,1328
2022-07-06,-0.0438,1167
2022-07-07,-0.0497,1954
2022-07-08,-0.0388,1183
2022-07-09,-0.0482,1272
2022-07-10,-0.0451,1321
2022-07-11,-0.0433,1144
2022-07-12,-0.0263,1008
2022-07-13,-0.0352,703
2022-07-14,-0.0394,505
2022-07-15,-0.0513,428
2022-07-16,-0.0364,348
2022-07-17,-0.0391,492
2022-07-18,-0.0434,691
2022-07-19,-0.0353,697
2022-07-20,-0.0366,906
2022-07-21,-0.0255,2352
2022-07-22,-0.0133,2334
2022-07-23,-0.026,1624
2022-07-24,-0.0399,1791
2022-07-25,-0.0625,2354
2022-07-26,-0.0246,1550
2022-07-27,-0.0384,2232
2022-07-28,-0.0332,3153
2022-07-29,-0.0257,2441
2022-07-30,-0.0732,3418
2022-07-31,-0.0461,2281
2022-08-01,-0.0474,1424
2022-08-02,-0.0337,1856
2022-08-03,-0.0501,1786
2022-08-04,-0.0301,2331
2022-08-05,-0.0608,3608
2022-08-06,-0.0358,2509
2022-08-07,-0.0297,1448
2022-08-08,-0.0351,2330
2022-08-09,-0.0415,1659
2022-08-10,-0.0477,1310
2022-08-11,-0.0364,1216
2022-08-12,-0.0199,1852
2022-08-13,-0.0286,1065
2022-08-14,-0.039,1175
2022-08-15,-0.042,1292
2022-08-16,-0.0326,900
2022-08-17,-0.023,776
2022-08-18,-0.0291,1049
2022-08-19,-0.0348,2591
2022-08-20,-0.0282,1918
2022-08-21,-0.0262,1189
2022-08-22,-0.0462,4101
2022-08-23,-0.0428,3501
2022-08-24,-0.0084,6948
2022-08-25,-0.0154,4752
2022-08-26,-0.0193,1820
2022-08-27,-0.0433,3
2022-08-28,-0.0283,1113
2022-08-29,-0.0164,1892
2022-08-30,-0.0418,1087
2022-08-31,-0.0153,1287
2022-09-01,-0.0385,1424
2022-09-02,-0.0349,1223
2022-09-03,-0.046,1491
2022-09-04,-0.0356,1123
2022-09-05,-0.0307,1316
2022-09-06,-0.0281,1018
2022-09-07,-0.0334,680
2022-09-08,-0.0411,646
2022-09-09,-0.0345,649
2022-09-10,-0.0408,862
2022-09-11,-0.0213,1121
2022-09-12,-0.0055,2454
2022-09-13,-0.0116,1378
2022-09-14,-0.0339,1128
2022-09-15,-0.0285,911
2022-09-16,-0.0289,1024
2022-09-17,-0.0395,1032
2022-09-18,-0.0205,1333
2022-09-19,-0.0108,1140
2022-09-20,-0.015,1966
2022-09-21,-0.0103,2299
2022-09-22,-0.0181,1322
2022-09-23,-0.0261,271
2022-09-24,-0.0192,1956
2022-09-25,-0.0122,2491
2022-09-26,-0.0003,3178
2022-09-27,-0.0277,1050
2022-09-28,-0.0422,625
2022-09-29,-0.0622,1179
2022-09-30,-0.044,1293
2022-10-01,-0.0282,858
2022-10-02,-0.012,1324
2022-10-03,-0.039,1396
2022-10-04,-0.0437,735
2022-10-05,-0.0246,930
2022-10-06,-0.0397,508
2022-10-07,-0.0342,460
2022-10-08,-0.0527,441
2022-10-09,-0.0355,981
2022-10-10,-0.0325,514
2022-10-11,-0.0585,539
2022-10-12,-0.0356,484
2022-10-13,-0.0268,331
2022-10-14,-0.0254,3629
2022-10-15,-0.0193,1727
2022-10-16,-0.0421,1449
2022-10-17,-0.0305,1328
2022-10-18,-0.0677,1017
2022-10-19,-0.0614,1038
2022-10-20,-0.0308,1881
2022-10-21,-0.0228,1108
2022-10-22,-0.0379,1013
2022-10-23,-0.0424,1223
2022-10-24,-0.0282,1082
2022-10-25,-0.0059,2665
2022-10-26,-0.0027,1676
2022-10-27,0.001,1492
2022-10-28,-0.0213,798
2022-10-29,-0.0409,452
2022-10-30,-0.0452,602
2022-10-31,-0.0376,621
2022-11-01,-0.0441,478
2022-11-02,-0.0448,620
2022-11-03,-0.0224,1754
2022-11-04,-0.0369,2763
2022-11-05,-0.0289,1525
2022-11-06,-0.0398,3173
2022-11-07,-0.0452,5765
2022-11-08,-0.0205,6541
2022-11-09,-0.0302,4297
2022-11-10,-0.0272,5143
2022-11-11,-0.0348,4733
2022-11-12,-0.0263,2723
2022-11-13,-0.0137,2851
2022-11-14,-0.0172,2645
2022-11-15,-0.0286,3305
2022-11-16,-0.0117,2517
2022-11-17,-0.0255,2164
2022-11-18,-0.0325,2232
2022-11-19,-0.0352,1682
2022-11-20,-0.0309,1549
2022-11-21,-0.0384,1150
2022-11-22,-0.0264,1717
2022-11-23,-0.0384,1473
2022-11-24,-0.023,1012
2022-11-25,-0.0372,1954
2022-11-26,-0.0436,3096
2022-11-27,-0.0223,3111
2022-11-28,-0.0297,1551
2022-11-29,-0.0388,1051
2022-11-30,-0.0331,1216
2022-12-01,-0.0229,769
2022-12-02,-0.0301,664
2022-12-03,-0.0344,912
2022-12-04,-0.0392,780
2022-12-05,-0.0357,647
2022-12-06,-0.0596,678
2022-12-07,-0.0234,272
2022-12-08,0.014,2
2022-12-09,0.0368,5
2022-12-10,-0.0319,1
2022-12-11,-0.0689,77
2022-12-12,-0.0101,2028
2022-12-13,-0.0449,1345
2022-12-14,-0.0263,644
2022-12-15,-0.0152,695
2022-12-16,-0.0249,713
2022-12-17,-0.0327,712
2022-12-18,-0.0387,864
2022-12-19,-0.0242,850
2022-12-20,-0.0364,895
2022-12-21,-0.0332,670
2022-12-22,-0.0274,576
2022-12-23,-0.0197,221
2022-12-24,-0.0113,161
2022-12-25,-0.0274,276
2022-12-26,-0.0232,458
2022-12-27,-0.0301,733
2022-12-28,-0.0216,589
2022-12-29,-0.0388,737
2022-12-30,-0.0323,490
2022-12-31,-0.043,545
